model,layer,normalized_depth,pooling,condition,metric,value,n,directions
trillionlabs/Tri-0.5B-Base,0,0.0,last_token,raw,r1,0.0029296875,512,12
trillionlabs/Tri-0.5B-Base,0,0.0,last_token,raw,r5,0.013020833333333334,512,12
trillionlabs/Tri-0.5B-Base,0,0.0,last_token,raw,r10,0.022623697916666668,512,12
trillionlabs/Tri-0.5B-Base,0,0.0,last_token,raw,mrr,0.012879829674285566,512,12
trillionlabs/Tri-0.5B-Base,1,0.041666666666666664,last_token,raw,r1,0.011393229166666666,512,12
trillionlabs/Tri-0.5B-Base,1,0.041666666666666664,last_token,raw,r5,0.03662109375,512,12
trillionlabs/Tri-0.5B-Base,1,0.041666666666666664,last_token,raw,r10,0.056966145833333336,512,12
trillionlabs/Tri-0.5B-Base,1,0.041666666666666664,last_token,raw,mrr,0.032530129352913655,512,12
trillionlabs/Tri-0.5B-Base,2,0.08333333333333333,last_token,raw,r1,0.024088541666666668,512,12
trillionlabs/Tri-0.5B-Base,2,0.08333333333333333,last_token,raw,r5,0.060709635416666664,512,12
trillionlabs/Tri-0.5B-Base,2,0.08333333333333333,last_token,raw,r10,0.09326171875,512,12
trillionlabs/Tri-0.5B-Base,2,0.08333333333333333,last_token,raw,mrr,0.05236758493730498,512,12
trillionlabs/Tri-0.5B-Base,3,0.125,last_token,raw,r1,0.031901041666666664,512,12
trillionlabs/Tri-0.5B-Base,3,0.125,last_token,raw,r5,0.08317057291666667,512,12
trillionlabs/Tri-0.5B-Base,3,0.125,last_token,raw,r10,0.12320963541666667,512,12
trillionlabs/Tri-0.5B-Base,3,0.125,last_token,raw,mrr,0.0666601365630647,512,12
trillionlabs/Tri-0.5B-Base,4,0.16666666666666666,last_token,raw,r1,0.0341796875,512,12
trillionlabs/Tri-0.5B-Base,4,0.16666666666666666,last_token,raw,r5,0.07991536458333333,512,12
trillionlabs/Tri-0.5B-Base,4,0.16666666666666666,last_token,raw,r10,0.123046875,512,12
trillionlabs/Tri-0.5B-Base,4,0.16666666666666666,last_token,raw,mrr,0.06749843830846518,512,12
trillionlabs/Tri-0.5B-Base,5,0.20833333333333334,last_token,raw,r1,0.0361328125,512,12
trillionlabs/Tri-0.5B-Base,5,0.20833333333333334,last_token,raw,r5,0.08968098958333333,512,12
trillionlabs/Tri-0.5B-Base,5,0.20833333333333334,last_token,raw,r10,0.1298828125,512,12
trillionlabs/Tri-0.5B-Base,5,0.20833333333333334,last_token,raw,mrr,0.07164691099895974,512,12
trillionlabs/Tri-0.5B-Base,6,0.25,last_token,raw,r1,0.06949869791666667,512,12
trillionlabs/Tri-0.5B-Base,6,0.25,last_token,raw,r5,0.15022786458333334,512,12
trillionlabs/Tri-0.5B-Base,6,0.25,last_token,raw,r10,0.197265625,512,12
trillionlabs/Tri-0.5B-Base,6,0.25,last_token,raw,mrr,0.11667056429735208,512,12
trillionlabs/Tri-0.5B-Base,7,0.2916666666666667,last_token,raw,r1,0.4334309895833333,512,12
trillionlabs/Tri-0.5B-Base,7,0.2916666666666667,last_token,raw,r5,0.60888671875,512,12
trillionlabs/Tri-0.5B-Base,7,0.2916666666666667,last_token,raw,r10,0.6735026041666666,512,12
trillionlabs/Tri-0.5B-Base,7,0.2916666666666667,last_token,raw,mrr,0.5163848366602392,512,12
trillionlabs/Tri-0.5B-Base,8,0.3333333333333333,last_token,raw,r1,0.4578450520833333,512,12
trillionlabs/Tri-0.5B-Base,8,0.3333333333333333,last_token,raw,r5,0.6404622395833334,512,12
trillionlabs/Tri-0.5B-Base,8,0.3333333333333333,last_token,raw,r10,0.7044270833333334,512,12
trillionlabs/Tri-0.5B-Base,8,0.3333333333333333,last_token,raw,mrr,0.5433144126111324,512,12
trillionlabs/Tri-0.5B-Base,9,0.375,last_token,raw,r1,0.5572916666666666,512,12
trillionlabs/Tri-0.5B-Base,9,0.375,last_token,raw,r5,0.7267252604166666,512,12
trillionlabs/Tri-0.5B-Base,9,0.375,last_token,raw,r10,0.78125,512,12
trillionlabs/Tri-0.5B-Base,9,0.375,last_token,raw,mrr,0.6363741340744921,512,12
trillionlabs/Tri-0.5B-Base,10,0.4166666666666667,last_token,raw,r1,0.5984700520833334,512,12
trillionlabs/Tri-0.5B-Base,10,0.4166666666666667,last_token,raw,r5,0.7587890625,512,12
trillionlabs/Tri-0.5B-Base,10,0.4166666666666667,last_token,raw,r10,0.8043619791666666,512,12
trillionlabs/Tri-0.5B-Base,10,0.4166666666666667,last_token,raw,mrr,0.6716594302358798,512,12
trillionlabs/Tri-0.5B-Base,11,0.4583333333333333,last_token,raw,r1,0.6064453125,512,12
trillionlabs/Tri-0.5B-Base,11,0.4583333333333333,last_token,raw,r5,0.7662760416666666,512,12
trillionlabs/Tri-0.5B-Base,11,0.4583333333333333,last_token,raw,r10,0.8115234375,512,12
trillionlabs/Tri-0.5B-Base,11,0.4583333333333333,last_token,raw,mrr,0.6797446336760705,512,12
trillionlabs/Tri-0.5B-Base,12,0.5,last_token,raw,r1,0.6603190104166666,512,12
trillionlabs/Tri-0.5B-Base,12,0.5,last_token,raw,r5,0.8103841145833334,512,12
trillionlabs/Tri-0.5B-Base,12,0.5,last_token,raw,r10,0.8515625,512,12
trillionlabs/Tri-0.5B-Base,12,0.5,last_token,raw,mrr,0.7282573253794223,512,12
trillionlabs/Tri-0.5B-Base,13,0.5416666666666666,last_token,raw,r1,0.6888020833333334,512,12
trillionlabs/Tri-0.5B-Base,13,0.5416666666666666,last_token,raw,r5,0.8338216145833334,512,12
trillionlabs/Tri-0.5B-Base,13,0.5416666666666666,last_token,raw,r10,0.8722330729166666,512,12
trillionlabs/Tri-0.5B-Base,13,0.5416666666666666,last_token,raw,mrr,0.7550614261734635,512,12
trillionlabs/Tri-0.5B-Base,14,0.5833333333333334,last_token,raw,r1,0.6580403645833334,512,12
trillionlabs/Tri-0.5B-Base,14,0.5833333333333334,last_token,raw,r5,0.8102213541666666,512,12
trillionlabs/Tri-0.5B-Base,14,0.5833333333333334,last_token,raw,r10,0.8533528645833334,512,12
trillionlabs/Tri-0.5B-Base,14,0.5833333333333334,last_token,raw,mrr,0.7283222140374628,512,12
trillionlabs/Tri-0.5B-Base,15,0.625,last_token,raw,r1,0.6271158854166666,512,12
trillionlabs/Tri-0.5B-Base,15,0.625,last_token,raw,r5,0.7937825520833334,512,12
trillionlabs/Tri-0.5B-Base,15,0.625,last_token,raw,r10,0.84033203125,512,12
trillionlabs/Tri-0.5B-Base,15,0.625,last_token,raw,mrr,0.7044152913461826,512,12
trillionlabs/Tri-0.5B-Base,16,0.6666666666666666,last_token,raw,r1,0.6643880208333334,512,12
trillionlabs/Tri-0.5B-Base,16,0.6666666666666666,last_token,raw,r5,0.8201497395833334,512,12
trillionlabs/Tri-0.5B-Base,16,0.6666666666666666,last_token,raw,r10,0.8644205729166666,512,12
trillionlabs/Tri-0.5B-Base,16,0.6666666666666666,last_token,raw,mrr,0.7357098776213497,512,12
trillionlabs/Tri-0.5B-Base,17,0.7083333333333334,last_token,raw,r1,0.599609375,512,12
trillionlabs/Tri-0.5B-Base,17,0.7083333333333334,last_token,raw,r5,0.7859700520833334,512,12
trillionlabs/Tri-0.5B-Base,17,0.7083333333333334,last_token,raw,r10,0.8359375,512,12
trillionlabs/Tri-0.5B-Base,17,0.7083333333333334,last_token,raw,mrr,0.6834917029179238,512,12
trillionlabs/Tri-0.5B-Base,18,0.75,last_token,raw,r1,0.5465494791666666,512,12
trillionlabs/Tri-0.5B-Base,18,0.75,last_token,raw,r5,0.7477213541666666,512,12
trillionlabs/Tri-0.5B-Base,18,0.75,last_token,raw,r10,0.8059895833333334,512,12
trillionlabs/Tri-0.5B-Base,18,0.75,last_token,raw,mrr,0.6386051815152899,512,12
trillionlabs/Tri-0.5B-Base,19,0.7916666666666666,last_token,raw,r1,0.5760091145833334,512,12
trillionlabs/Tri-0.5B-Base,19,0.7916666666666666,last_token,raw,r5,0.7747395833333334,512,12
trillionlabs/Tri-0.5B-Base,19,0.7916666666666666,last_token,raw,r10,0.8251953125,512,12
trillionlabs/Tri-0.5B-Base,19,0.7916666666666666,last_token,raw,mrr,0.6657173480110613,512,12
trillionlabs/Tri-0.5B-Base,20,0.8333333333333334,last_token,raw,r1,0.6863606770833334,512,12
trillionlabs/Tri-0.5B-Base,20,0.8333333333333334,last_token,raw,r5,0.84326171875,512,12
trillionlabs/Tri-0.5B-Base,20,0.8333333333333334,last_token,raw,r10,0.8751627604166666,512,12
trillionlabs/Tri-0.5B-Base,20,0.8333333333333334,last_token,raw,mrr,0.7570419727721016,512,12
trillionlabs/Tri-0.5B-Base,21,0.875,last_token,raw,r1,0.64599609375,512,12
trillionlabs/Tri-0.5B-Base,21,0.875,last_token,raw,r5,0.8274739583333334,512,12
trillionlabs/Tri-0.5B-Base,21,0.875,last_token,raw,r10,0.8701171875,512,12
trillionlabs/Tri-0.5B-Base,21,0.875,last_token,raw,mrr,0.7272868830056519,512,12
trillionlabs/Tri-0.5B-Base,22,0.9166666666666666,last_token,raw,r1,0.6458333333333334,512,12
trillionlabs/Tri-0.5B-Base,22,0.9166666666666666,last_token,raw,r5,0.8338216145833334,512,12
trillionlabs/Tri-0.5B-Base,22,0.9166666666666666,last_token,raw,r10,0.8805338541666666,512,12
trillionlabs/Tri-0.5B-Base,22,0.9166666666666666,last_token,raw,mrr,0.7310714317696259,512,12
trillionlabs/Tri-0.5B-Base,23,0.9583333333333334,last_token,raw,r1,0.4659830729166667,512,12
trillionlabs/Tri-0.5B-Base,23,0.9583333333333334,last_token,raw,r5,0.6961263020833334,512,12
trillionlabs/Tri-0.5B-Base,23,0.9583333333333334,last_token,raw,r10,0.77392578125,512,12
trillionlabs/Tri-0.5B-Base,23,0.9583333333333334,last_token,raw,mrr,0.5743650598261798,512,12
trillionlabs/Tri-0.5B-Base,24,1.0,last_token,raw,r1,0.232421875,512,12
trillionlabs/Tri-0.5B-Base,24,1.0,last_token,raw,r5,0.45263671875,512,12
trillionlabs/Tri-0.5B-Base,24,1.0,last_token,raw,r10,0.5423177083333334,512,12
trillionlabs/Tri-0.5B-Base,24,1.0,last_token,raw,mrr,0.3390958050607234,512,12
trillionlabs/Tri-0.5B-Base,0,0.0,mean,raw,r1,0.6295572916666666,512,12
trillionlabs/Tri-0.5B-Base,0,0.0,mean,raw,r5,0.8165690104166666,512,12
trillionlabs/Tri-0.5B-Base,0,0.0,mean,raw,r10,0.8782552083333334,512,12
trillionlabs/Tri-0.5B-Base,0,0.0,mean,raw,mrr,0.7146486745704125,512,12
trillionlabs/Tri-0.5B-Base,1,0.041666666666666664,mean,raw,r1,0.4373372395833333,512,12
trillionlabs/Tri-0.5B-Base,1,0.041666666666666664,mean,raw,r5,0.6038411458333334,512,12
trillionlabs/Tri-0.5B-Base,1,0.041666666666666664,mean,raw,r10,0.6622721354166666,512,12
trillionlabs/Tri-0.5B-Base,1,0.041666666666666664,mean,raw,mrr,0.5174081622248357,512,12
trillionlabs/Tri-0.5B-Base,2,0.08333333333333333,mean,raw,r1,0.4716796875,512,12
trillionlabs/Tri-0.5B-Base,2,0.08333333333333333,mean,raw,r5,0.6442057291666666,512,12
trillionlabs/Tri-0.5B-Base,2,0.08333333333333333,mean,raw,r10,0.71044921875,512,12
trillionlabs/Tri-0.5B-Base,2,0.08333333333333333,mean,raw,mrr,0.5549014039109473,512,12
trillionlabs/Tri-0.5B-Base,3,0.125,mean,raw,r1,0.5154622395833334,512,12
trillionlabs/Tri-0.5B-Base,3,0.125,mean,raw,r5,0.6881510416666666,512,12
trillionlabs/Tri-0.5B-Base,3,0.125,mean,raw,r10,0.7498372395833334,512,12
trillionlabs/Tri-0.5B-Base,3,0.125,mean,raw,mrr,0.596752539925922,512,12
trillionlabs/Tri-0.5B-Base,4,0.16666666666666666,mean,raw,r1,0.6396484375,512,12
trillionlabs/Tri-0.5B-Base,4,0.16666666666666666,mean,raw,r5,0.79345703125,512,12
trillionlabs/Tri-0.5B-Base,4,0.16666666666666666,mean,raw,r10,0.8406575520833334,512,12
trillionlabs/Tri-0.5B-Base,4,0.16666666666666666,mean,raw,mrr,0.7111217137112577,512,12
trillionlabs/Tri-0.5B-Base,5,0.20833333333333334,mean,raw,r1,0.6863606770833334,512,12
trillionlabs/Tri-0.5B-Base,5,0.20833333333333334,mean,raw,r5,0.8313802083333334,512,12
trillionlabs/Tri-0.5B-Base,5,0.20833333333333334,mean,raw,r10,0.8701171875,512,12
trillionlabs/Tri-0.5B-Base,5,0.20833333333333334,mean,raw,mrr,0.7521810963645034,512,12
trillionlabs/Tri-0.5B-Base,6,0.25,mean,raw,r1,0.7672526041666666,512,12
trillionlabs/Tri-0.5B-Base,6,0.25,mean,raw,r5,0.88232421875,512,12
trillionlabs/Tri-0.5B-Base,6,0.25,mean,raw,r10,0.9158528645833334,512,12
trillionlabs/Tri-0.5B-Base,6,0.25,mean,raw,mrr,0.8207345272869412,512,12
trillionlabs/Tri-0.5B-Base,7,0.2916666666666667,mean,raw,r1,0.2908528645833333,512,12
trillionlabs/Tri-0.5B-Base,7,0.2916666666666667,mean,raw,r5,0.4117838541666667,512,12
trillionlabs/Tri-0.5B-Base,7,0.2916666666666667,mean,raw,r10,0.4656575520833333,512,12
trillionlabs/Tri-0.5B-Base,7,0.2916666666666667,mean,raw,mrr,0.3530689581383944,512,12
trillionlabs/Tri-0.5B-Base,8,0.3333333333333333,mean,raw,r1,0.3095703125,512,12
trillionlabs/Tri-0.5B-Base,8,0.3333333333333333,mean,raw,r5,0.4283854166666667,512,12
trillionlabs/Tri-0.5B-Base,8,0.3333333333333333,mean,raw,r10,0.4814453125,512,12
trillionlabs/Tri-0.5B-Base,8,0.3333333333333333,mean,raw,mrr,0.37028493937631907,512,12
trillionlabs/Tri-0.5B-Base,9,0.375,mean,raw,r1,0.3225911458333333,512,12
trillionlabs/Tri-0.5B-Base,9,0.375,mean,raw,r5,0.4462890625,512,12
trillionlabs/Tri-0.5B-Base,9,0.375,mean,raw,r10,0.4947916666666667,512,12
trillionlabs/Tri-0.5B-Base,9,0.375,mean,raw,mrr,0.3847481271422124,512,12
trillionlabs/Tri-0.5B-Base,10,0.4166666666666667,mean,raw,r1,0.3505859375,512,12
trillionlabs/Tri-0.5B-Base,10,0.4166666666666667,mean,raw,r5,0.4689127604166667,512,12
trillionlabs/Tri-0.5B-Base,10,0.4166666666666667,mean,raw,r10,0.5183919270833334,512,12
trillionlabs/Tri-0.5B-Base,10,0.4166666666666667,mean,raw,mrr,0.41086667397568677,512,12
trillionlabs/Tri-0.5B-Base,11,0.4583333333333333,mean,raw,r1,0.3587239583333333,512,12
trillionlabs/Tri-0.5B-Base,11,0.4583333333333333,mean,raw,r5,0.47802734375,512,12
trillionlabs/Tri-0.5B-Base,11,0.4583333333333333,mean,raw,r10,0.5275065104166666,512,12
trillionlabs/Tri-0.5B-Base,11,0.4583333333333333,mean,raw,mrr,0.41957841118119715,512,12
trillionlabs/Tri-0.5B-Base,12,0.5,mean,raw,r1,0.3776041666666667,512,12
trillionlabs/Tri-0.5B-Base,12,0.5,mean,raw,r5,0.49609375,512,12
trillionlabs/Tri-0.5B-Base,12,0.5,mean,raw,r10,0.5455729166666666,512,12
trillionlabs/Tri-0.5B-Base,12,0.5,mean,raw,mrr,0.43771145946103873,512,12
trillionlabs/Tri-0.5B-Base,13,0.5416666666666666,mean,raw,r1,0.4147135416666667,512,12
trillionlabs/Tri-0.5B-Base,13,0.5416666666666666,mean,raw,r5,0.5255533854166666,512,12
trillionlabs/Tri-0.5B-Base,13,0.5416666666666666,mean,raw,r10,0.5709635416666666,512,12
trillionlabs/Tri-0.5B-Base,13,0.5416666666666666,mean,raw,mrr,0.4713088528785258,512,12
trillionlabs/Tri-0.5B-Base,14,0.5833333333333334,mean,raw,r1,0.4261067708333333,512,12
trillionlabs/Tri-0.5B-Base,14,0.5833333333333334,mean,raw,r5,0.5379231770833334,512,12
trillionlabs/Tri-0.5B-Base,14,0.5833333333333334,mean,raw,r10,0.5810546875,512,12
trillionlabs/Tri-0.5B-Base,14,0.5833333333333334,mean,raw,mrr,0.4816209099190298,512,12
trillionlabs/Tri-0.5B-Base,15,0.625,mean,raw,r1,0.45263671875,512,12
trillionlabs/Tri-0.5B-Base,15,0.625,mean,raw,r5,0.5633138020833334,512,12
trillionlabs/Tri-0.5B-Base,15,0.625,mean,raw,r10,0.6015625,512,12
trillionlabs/Tri-0.5B-Base,15,0.625,mean,raw,mrr,0.5069879953390485,512,12
trillionlabs/Tri-0.5B-Base,16,0.6666666666666666,mean,raw,r1,0.4879557291666667,512,12
trillionlabs/Tri-0.5B-Base,16,0.6666666666666666,mean,raw,r5,0.59716796875,512,12
trillionlabs/Tri-0.5B-Base,16,0.6666666666666666,mean,raw,r10,0.6375325520833334,512,12
trillionlabs/Tri-0.5B-Base,16,0.6666666666666666,mean,raw,mrr,0.5421236670171689,512,12
trillionlabs/Tri-0.5B-Base,17,0.7083333333333334,mean,raw,r1,0.4847005208333333,512,12
trillionlabs/Tri-0.5B-Base,17,0.7083333333333334,mean,raw,r5,0.5924479166666666,512,12
trillionlabs/Tri-0.5B-Base,17,0.7083333333333334,mean,raw,r10,0.6339518229166666,512,12
trillionlabs/Tri-0.5B-Base,17,0.7083333333333334,mean,raw,mrr,0.5379007234903247,512,12
trillionlabs/Tri-0.5B-Base,18,0.75,mean,raw,r1,0.4803059895833333,512,12
trillionlabs/Tri-0.5B-Base,18,0.75,mean,raw,r5,0.5859375,512,12
trillionlabs/Tri-0.5B-Base,18,0.75,mean,raw,r10,0.6282552083333334,512,12
trillionlabs/Tri-0.5B-Base,18,0.75,mean,raw,mrr,0.5334681910510303,512,12
trillionlabs/Tri-0.5B-Base,19,0.7916666666666666,mean,raw,r1,0.4583333333333333,512,12
trillionlabs/Tri-0.5B-Base,19,0.7916666666666666,mean,raw,r5,0.5636393229166666,512,12
trillionlabs/Tri-0.5B-Base,19,0.7916666666666666,mean,raw,r10,0.60888671875,512,12
trillionlabs/Tri-0.5B-Base,19,0.7916666666666666,mean,raw,mrr,0.5116609976582689,512,12
trillionlabs/Tri-0.5B-Base,20,0.8333333333333334,mean,raw,r1,0.4869791666666667,512,12
trillionlabs/Tri-0.5B-Base,20,0.8333333333333334,mean,raw,r5,0.59130859375,512,12
trillionlabs/Tri-0.5B-Base,20,0.8333333333333334,mean,raw,r10,0.6287434895833334,512,12
trillionlabs/Tri-0.5B-Base,20,0.8333333333333334,mean,raw,mrr,0.538667199818006,512,12
trillionlabs/Tri-0.5B-Base,21,0.875,mean,raw,r1,0.4104817708333333,512,12
trillionlabs/Tri-0.5B-Base,21,0.875,mean,raw,r5,0.5384114583333334,512,12
trillionlabs/Tri-0.5B-Base,21,0.875,mean,raw,r10,0.57373046875,512,12
trillionlabs/Tri-0.5B-Base,21,0.875,mean,raw,mrr,0.47294134662606496,512,12
trillionlabs/Tri-0.5B-Base,22,0.9166666666666666,mean,raw,r1,0.3170572916666667,512,12
trillionlabs/Tri-0.5B-Base,22,0.9166666666666666,mean,raw,r5,0.4651692708333333,512,12
trillionlabs/Tri-0.5B-Base,22,0.9166666666666666,mean,raw,r10,0.5206705729166666,512,12
trillionlabs/Tri-0.5B-Base,22,0.9166666666666666,mean,raw,mrr,0.38997658872392593,512,12
trillionlabs/Tri-0.5B-Base,23,0.9583333333333334,mean,raw,r1,0.14339192708333334,512,12
trillionlabs/Tri-0.5B-Base,23,0.9583333333333334,mean,raw,r5,0.23779296875,512,12
trillionlabs/Tri-0.5B-Base,23,0.9583333333333334,mean,raw,r10,0.2985026041666667,512,12
trillionlabs/Tri-0.5B-Base,23,0.9583333333333334,mean,raw,mrr,0.19878197293868796,512,12
trillionlabs/Tri-0.5B-Base,24,1.0,mean,raw,r1,0.12418619791666667,512,12
trillionlabs/Tri-0.5B-Base,24,1.0,mean,raw,r5,0.3776041666666667,512,12
trillionlabs/Tri-0.5B-Base,24,1.0,mean,raw,r10,0.5179036458333334,512,12
trillionlabs/Tri-0.5B-Base,24,1.0,mean,raw,mrr,0.2488055338705751,512,12
Qwen/Qwen2.5-0.5B,0,0.0,last_token,raw,r1,0.0030924479166666665,512,12
Qwen/Qwen2.5-0.5B,0,0.0,last_token,raw,r5,0.012369791666666666,512,12
Qwen/Qwen2.5-0.5B,0,0.0,last_token,raw,r10,0.02197265625,512,12
Qwen/Qwen2.5-0.5B,0,0.0,last_token,raw,mrr,0.014591073861583556,512,12
Qwen/Qwen2.5-0.5B,1,0.041666666666666664,last_token,raw,r1,0.016764322916666668,512,12
Qwen/Qwen2.5-0.5B,1,0.041666666666666664,last_token,raw,r5,0.048828125,512,12
Qwen/Qwen2.5-0.5B,1,0.041666666666666664,last_token,raw,r10,0.07470703125,512,12
Qwen/Qwen2.5-0.5B,1,0.041666666666666664,last_token,raw,mrr,0.04216882022785074,512,12
Qwen/Qwen2.5-0.5B,2,0.08333333333333333,last_token,raw,r1,0.038248697916666664,512,12
Qwen/Qwen2.5-0.5B,2,0.08333333333333333,last_token,raw,r5,0.09651692708333333,512,12
Qwen/Qwen2.5-0.5B,2,0.08333333333333333,last_token,raw,r10,0.13753255208333334,512,12
Qwen/Qwen2.5-0.5B,2,0.08333333333333333,last_token,raw,mrr,0.07553488785421086,512,12
Qwen/Qwen2.5-0.5B,3,0.125,last_token,raw,r1,0.047200520833333336,512,12
Qwen/Qwen2.5-0.5B,3,0.125,last_token,raw,r5,0.11002604166666667,512,12
Qwen/Qwen2.5-0.5B,3,0.125,last_token,raw,r10,0.15869140625,512,12
Qwen/Qwen2.5-0.5B,3,0.125,last_token,raw,mrr,0.08833211317569571,512,12
Qwen/Qwen2.5-0.5B,4,0.16666666666666666,last_token,raw,r1,0.08968098958333333,512,12
Qwen/Qwen2.5-0.5B,4,0.16666666666666666,last_token,raw,r5,0.19710286458333334,512,12
Qwen/Qwen2.5-0.5B,4,0.16666666666666666,last_token,raw,r10,0.2644856770833333,512,12
Qwen/Qwen2.5-0.5B,4,0.16666666666666666,last_token,raw,mrr,0.15046134052569304,512,12
Qwen/Qwen2.5-0.5B,5,0.20833333333333334,last_token,raw,r1,0.27294921875,512,12
Qwen/Qwen2.5-0.5B,5,0.20833333333333334,last_token,raw,r5,0.4822591145833333,512,12
Qwen/Qwen2.5-0.5B,5,0.20833333333333334,last_token,raw,r10,0.5810546875,512,12
Qwen/Qwen2.5-0.5B,5,0.20833333333333334,last_token,raw,mrr,0.37530052935360114,512,12
Qwen/Qwen2.5-0.5B,6,0.25,last_token,raw,r1,0.22639973958333334,512,12
Qwen/Qwen2.5-0.5B,6,0.25,last_token,raw,r5,0.4010416666666667,512,12
Qwen/Qwen2.5-0.5B,6,0.25,last_token,raw,r10,0.4899088541666667,512,12
Qwen/Qwen2.5-0.5B,6,0.25,last_token,raw,mrr,0.3150894614972646,512,12
Qwen/Qwen2.5-0.5B,7,0.2916666666666667,last_token,raw,r1,0.2726236979166667,512,12
Qwen/Qwen2.5-0.5B,7,0.2916666666666667,last_token,raw,r5,0.4635416666666667,512,12
Qwen/Qwen2.5-0.5B,7,0.2916666666666667,last_token,raw,r10,0.5564778645833334,512,12
Qwen/Qwen2.5-0.5B,7,0.2916666666666667,last_token,raw,mrr,0.3675532285626473,512,12
Qwen/Qwen2.5-0.5B,8,0.3333333333333333,last_token,raw,r1,0.3580729166666667,512,12
Qwen/Qwen2.5-0.5B,8,0.3333333333333333,last_token,raw,r5,0.5651041666666666,512,12
Qwen/Qwen2.5-0.5B,8,0.3333333333333333,last_token,raw,r10,0.64794921875,512,12
Qwen/Qwen2.5-0.5B,8,0.3333333333333333,last_token,raw,mrr,0.45697353811569347,512,12
Qwen/Qwen2.5-0.5B,9,0.375,last_token,raw,r1,0.45703125,512,12
Qwen/Qwen2.5-0.5B,9,0.375,last_token,raw,r5,0.6692708333333334,512,12
Qwen/Qwen2.5-0.5B,9,0.375,last_token,raw,r10,0.74658203125,512,12
Qwen/Qwen2.5-0.5B,9,0.375,last_token,raw,mrr,0.5536582690853302,512,12
Qwen/Qwen2.5-0.5B,10,0.4166666666666667,last_token,raw,r1,0.50146484375,512,12
Qwen/Qwen2.5-0.5B,10,0.4166666666666667,last_token,raw,r5,0.7119140625,512,12
Qwen/Qwen2.5-0.5B,10,0.4166666666666667,last_token,raw,r10,0.7843424479166666,512,12
Qwen/Qwen2.5-0.5B,10,0.4166666666666667,last_token,raw,mrr,0.5981781888236058,512,12
Qwen/Qwen2.5-0.5B,11,0.4583333333333333,last_token,raw,r1,0.7262369791666666,512,12
Qwen/Qwen2.5-0.5B,11,0.4583333333333333,last_token,raw,r5,0.86962890625,512,12
Qwen/Qwen2.5-0.5B,11,0.4583333333333333,last_token,raw,r10,0.8997395833333334,512,12
Qwen/Qwen2.5-0.5B,11,0.4583333333333333,last_token,raw,mrr,0.7908355529882795,512,12
Qwen/Qwen2.5-0.5B,12,0.5,last_token,raw,r1,0.68017578125,512,12
Qwen/Qwen2.5-0.5B,12,0.5,last_token,raw,r5,0.8391927083333334,512,12
Qwen/Qwen2.5-0.5B,12,0.5,last_token,raw,r10,0.8798828125,512,12
Qwen/Qwen2.5-0.5B,12,0.5,last_token,raw,mrr,0.7524438305778266,512,12
Qwen/Qwen2.5-0.5B,13,0.5416666666666666,last_token,raw,r1,0.6941731770833334,512,12
Qwen/Qwen2.5-0.5B,13,0.5416666666666666,last_token,raw,r5,0.8497721354166666,512,12
Qwen/Qwen2.5-0.5B,13,0.5416666666666666,last_token,raw,r10,0.8863932291666666,512,12
Qwen/Qwen2.5-0.5B,13,0.5416666666666666,last_token,raw,mrr,0.764681259749097,512,12
Qwen/Qwen2.5-0.5B,14,0.5833333333333334,last_token,raw,r1,0.6486002604166666,512,12
Qwen/Qwen2.5-0.5B,14,0.5833333333333334,last_token,raw,r5,0.8190104166666666,512,12
Qwen/Qwen2.5-0.5B,14,0.5833333333333334,last_token,raw,r10,0.86572265625,512,12
Qwen/Qwen2.5-0.5B,14,0.5833333333333334,last_token,raw,mrr,0.725268938465993,512,12
Qwen/Qwen2.5-0.5B,15,0.625,last_token,raw,r1,0.7705078125,512,12
Qwen/Qwen2.5-0.5B,15,0.625,last_token,raw,r5,0.9013671875,512,12
Qwen/Qwen2.5-0.5B,15,0.625,last_token,raw,r10,0.9256184895833334,512,12
Qwen/Qwen2.5-0.5B,15,0.625,last_token,raw,mrr,0.829262790490414,512,12
Qwen/Qwen2.5-0.5B,16,0.6666666666666666,last_token,raw,r1,0.7003580729166666,512,12
Qwen/Qwen2.5-0.5B,16,0.6666666666666666,last_token,raw,r5,0.8517252604166666,512,12
Qwen/Qwen2.5-0.5B,16,0.6666666666666666,last_token,raw,r10,0.888671875,512,12
Qwen/Qwen2.5-0.5B,16,0.6666666666666666,last_token,raw,mrr,0.769320501524057,512,12
Qwen/Qwen2.5-0.5B,17,0.7083333333333334,last_token,raw,r1,0.6534830729166666,512,12
Qwen/Qwen2.5-0.5B,17,0.7083333333333334,last_token,raw,r5,0.8193359375,512,12
Qwen/Qwen2.5-0.5B,17,0.7083333333333334,last_token,raw,r10,0.8619791666666666,512,12
Qwen/Qwen2.5-0.5B,17,0.7083333333333334,last_token,raw,mrr,0.7290782830162709,512,12
Qwen/Qwen2.5-0.5B,18,0.75,last_token,raw,r1,0.5458984375,512,12
Qwen/Qwen2.5-0.5B,18,0.75,last_token,raw,r5,0.7501627604166666,512,12
Qwen/Qwen2.5-0.5B,18,0.75,last_token,raw,r10,0.8074544270833334,512,12
Qwen/Qwen2.5-0.5B,18,0.75,last_token,raw,mrr,0.638175105753188,512,12
Qwen/Qwen2.5-0.5B,19,0.7916666666666666,last_token,raw,r1,0.5139973958333334,512,12
Qwen/Qwen2.5-0.5B,19,0.7916666666666666,last_token,raw,r5,0.7273763020833334,512,12
Qwen/Qwen2.5-0.5B,19,0.7916666666666666,last_token,raw,r10,0.79638671875,512,12
Qwen/Qwen2.5-0.5B,19,0.7916666666666666,last_token,raw,mrr,0.6126465962977502,512,12
Qwen/Qwen2.5-0.5B,20,0.8333333333333334,last_token,raw,r1,0.48046875,512,12
Qwen/Qwen2.5-0.5B,20,0.8333333333333334,last_token,raw,r5,0.7130533854166666,512,12
Qwen/Qwen2.5-0.5B,20,0.8333333333333334,last_token,raw,r10,0.783203125,512,12
Qwen/Qwen2.5-0.5B,20,0.8333333333333334,last_token,raw,mrr,0.5864205528351978,512,12
Qwen/Qwen2.5-0.5B,21,0.875,last_token,raw,r1,0.564453125,512,12
Qwen/Qwen2.5-0.5B,21,0.875,last_token,raw,r5,0.7880859375,512,12
Qwen/Qwen2.5-0.5B,21,0.875,last_token,raw,r10,0.8440755208333334,512,12
Qwen/Qwen2.5-0.5B,21,0.875,last_token,raw,mrr,0.6660898827419621,512,12
Qwen/Qwen2.5-0.5B,22,0.9166666666666666,last_token,raw,r1,0.60498046875,512,12
Qwen/Qwen2.5-0.5B,22,0.9166666666666666,last_token,raw,r5,0.81005859375,512,12
Qwen/Qwen2.5-0.5B,22,0.9166666666666666,last_token,raw,r10,0.8639322916666666,512,12
Qwen/Qwen2.5-0.5B,22,0.9166666666666666,last_token,raw,mrr,0.6986587306944044,512,12
Qwen/Qwen2.5-0.5B,23,0.9583333333333334,last_token,raw,r1,0.5148111979166666,512,12
Qwen/Qwen2.5-0.5B,23,0.9583333333333334,last_token,raw,r5,0.72802734375,512,12
Qwen/Qwen2.5-0.5B,23,0.9583333333333334,last_token,raw,r10,0.7976888020833334,512,12
Qwen/Qwen2.5-0.5B,23,0.9583333333333334,last_token,raw,mrr,0.6127320320452476,512,12
Qwen/Qwen2.5-0.5B,24,1.0,last_token,raw,r1,0.025716145833333332,512,12
Qwen/Qwen2.5-0.5B,24,1.0,last_token,raw,r5,0.11800130208333333,512,12
Qwen/Qwen2.5-0.5B,24,1.0,last_token,raw,r10,0.19710286458333334,512,12
Qwen/Qwen2.5-0.5B,24,1.0,last_token,raw,mrr,0.08483871551015332,512,12
Qwen/Qwen2.5-0.5B,0,0.0,mean,raw,r1,0.1455078125,512,12
Qwen/Qwen2.5-0.5B,0,0.0,mean,raw,r5,0.24153645833333334,512,12
Qwen/Qwen2.5-0.5B,0,0.0,mean,raw,r10,0.3079427083333333,512,12
Qwen/Qwen2.5-0.5B,0,0.0,mean,raw,mrr,0.20244793016910131,512,12
Qwen/Qwen2.5-0.5B,1,0.041666666666666664,mean,raw,r1,0.3361002604166667,512,12
Qwen/Qwen2.5-0.5B,1,0.041666666666666664,mean,raw,r5,0.4874674479166667,512,12
Qwen/Qwen2.5-0.5B,1,0.041666666666666664,mean,raw,r10,0.5615234375,512,12
Qwen/Qwen2.5-0.5B,1,0.041666666666666664,mean,raw,mrr,0.413825095563451,512,12
Qwen/Qwen2.5-0.5B,2,0.08333333333333333,mean,raw,r1,0.3211263020833333,512,12
Qwen/Qwen2.5-0.5B,2,0.08333333333333333,mean,raw,r5,0.46875,512,12
Qwen/Qwen2.5-0.5B,2,0.08333333333333333,mean,raw,r10,0.5437825520833334,512,12
Qwen/Qwen2.5-0.5B,2,0.08333333333333333,mean,raw,mrr,0.39757955745726026,512,12
Qwen/Qwen2.5-0.5B,3,0.125,mean,raw,r1,0.287109375,512,12
Qwen/Qwen2.5-0.5B,3,0.125,mean,raw,r5,0.4039713541666667,512,12
Qwen/Qwen2.5-0.5B,3,0.125,mean,raw,r10,0.4544270833333333,512,12
Qwen/Qwen2.5-0.5B,3,0.125,mean,raw,mrr,0.34699766416875266,512,12
Qwen/Qwen2.5-0.5B,4,0.16666666666666666,mean,raw,r1,0.3548177083333333,512,12
Qwen/Qwen2.5-0.5B,4,0.16666666666666666,mean,raw,r5,0.46240234375,512,12
Qwen/Qwen2.5-0.5B,4,0.16666666666666666,mean,raw,r10,0.5056966145833334,512,12
Qwen/Qwen2.5-0.5B,4,0.16666666666666666,mean,raw,mrr,0.4091712557381837,512,12
Qwen/Qwen2.5-0.5B,5,0.20833333333333334,mean,raw,r1,0.4451497395833333,512,12
Qwen/Qwen2.5-0.5B,5,0.20833333333333334,mean,raw,r5,0.5478515625,512,12
Qwen/Qwen2.5-0.5B,5,0.20833333333333334,mean,raw,r10,0.583984375,512,12
Qwen/Qwen2.5-0.5B,5,0.20833333333333334,mean,raw,mrr,0.4973542792064198,512,12
Qwen/Qwen2.5-0.5B,6,0.25,mean,raw,r1,0.4925130208333333,512,12
Qwen/Qwen2.5-0.5B,6,0.25,mean,raw,r5,0.591796875,512,12
Qwen/Qwen2.5-0.5B,6,0.25,mean,raw,r10,0.6271158854166666,512,12
Qwen/Qwen2.5-0.5B,6,0.25,mean,raw,mrr,0.5424806502765153,512,12
Qwen/Qwen2.5-0.5B,7,0.2916666666666667,mean,raw,r1,0.46240234375,512,12
Qwen/Qwen2.5-0.5B,7,0.2916666666666667,mean,raw,r5,0.5690104166666666,512,12
Qwen/Qwen2.5-0.5B,7,0.2916666666666667,mean,raw,r10,0.6056315104166666,512,12
Qwen/Qwen2.5-0.5B,7,0.2916666666666667,mean,raw,mrr,0.5151859747427298,512,12
Qwen/Qwen2.5-0.5B,8,0.3333333333333333,mean,raw,r1,0.4943033854166667,512,12
Qwen/Qwen2.5-0.5B,8,0.3333333333333333,mean,raw,r5,0.595703125,512,12
Qwen/Qwen2.5-0.5B,8,0.3333333333333333,mean,raw,r10,0.6292317708333334,512,12
Qwen/Qwen2.5-0.5B,8,0.3333333333333333,mean,raw,mrr,0.5444145677592428,512,12
Qwen/Qwen2.5-0.5B,9,0.375,mean,raw,r1,0.51318359375,512,12
Qwen/Qwen2.5-0.5B,9,0.375,mean,raw,r5,0.6095377604166666,512,12
Qwen/Qwen2.5-0.5B,9,0.375,mean,raw,r10,0.6416015625,512,12
Qwen/Qwen2.5-0.5B,9,0.375,mean,raw,mrr,0.5598881804990625,512,12
Qwen/Qwen2.5-0.5B,10,0.4166666666666667,mean,raw,r1,0.5255533854166666,512,12
Qwen/Qwen2.5-0.5B,10,0.4166666666666667,mean,raw,r5,0.6232096354166666,512,12
Qwen/Qwen2.5-0.5B,10,0.4166666666666667,mean,raw,r10,0.6541341145833334,512,12
Qwen/Qwen2.5-0.5B,10,0.4166666666666667,mean,raw,mrr,0.572448716430223,512,12
Qwen/Qwen2.5-0.5B,11,0.4583333333333333,mean,raw,r1,0.5242513020833334,512,12
Qwen/Qwen2.5-0.5B,11,0.4583333333333333,mean,raw,r5,0.6197916666666666,512,12
Qwen/Qwen2.5-0.5B,11,0.4583333333333333,mean,raw,r10,0.6512044270833334,512,12
Qwen/Qwen2.5-0.5B,11,0.4583333333333333,mean,raw,mrr,0.5707652862171215,512,12
Qwen/Qwen2.5-0.5B,12,0.5,mean,raw,r1,0.52734375,512,12
Qwen/Qwen2.5-0.5B,12,0.5,mean,raw,r5,0.6222330729166666,512,12
Qwen/Qwen2.5-0.5B,12,0.5,mean,raw,r10,0.65380859375,512,12
Qwen/Qwen2.5-0.5B,12,0.5,mean,raw,mrr,0.5738004815939954,512,12
Qwen/Qwen2.5-0.5B,13,0.5416666666666666,mean,raw,r1,0.52197265625,512,12
Qwen/Qwen2.5-0.5B,13,0.5416666666666666,mean,raw,r5,0.6209309895833334,512,12
Qwen/Qwen2.5-0.5B,13,0.5416666666666666,mean,raw,r10,0.6520182291666666,512,12
Qwen/Qwen2.5-0.5B,13,0.5416666666666666,mean,raw,mrr,0.570054803721088,512,12
Qwen/Qwen2.5-0.5B,14,0.5833333333333334,mean,raw,r1,0.5123697916666666,512,12
Qwen/Qwen2.5-0.5B,14,0.5833333333333334,mean,raw,r5,0.6144205729166666,512,12
Qwen/Qwen2.5-0.5B,14,0.5833333333333334,mean,raw,r10,0.6458333333333334,512,12
Qwen/Qwen2.5-0.5B,14,0.5833333333333334,mean,raw,mrr,0.5618677423703745,512,12
Qwen/Qwen2.5-0.5B,15,0.625,mean,raw,r1,0.5724283854166666,512,12
Qwen/Qwen2.5-0.5B,15,0.625,mean,raw,r5,0.6642252604166666,512,12
Qwen/Qwen2.5-0.5B,15,0.625,mean,raw,r10,0.6917317708333334,512,12
Qwen/Qwen2.5-0.5B,15,0.625,mean,raw,mrr,0.6173161863789546,512,12
Qwen/Qwen2.5-0.5B,16,0.6666666666666666,mean,raw,r1,0.50341796875,512,12
Qwen/Qwen2.5-0.5B,16,0.6666666666666666,mean,raw,r5,0.6124674479166666,512,12
Qwen/Qwen2.5-0.5B,16,0.6666666666666666,mean,raw,r10,0.6507161458333334,512,12
Qwen/Qwen2.5-0.5B,16,0.6666666666666666,mean,raw,mrr,0.55635814651418,512,12
Qwen/Qwen2.5-0.5B,17,0.7083333333333334,mean,raw,r1,0.5579427083333334,512,12
Qwen/Qwen2.5-0.5B,17,0.7083333333333334,mean,raw,r5,0.65966796875,512,12
Qwen/Qwen2.5-0.5B,17,0.7083333333333334,mean,raw,r10,0.6907552083333334,512,12
Qwen/Qwen2.5-0.5B,17,0.7083333333333334,mean,raw,mrr,0.6066806247652118,512,12
Qwen/Qwen2.5-0.5B,18,0.75,mean,raw,r1,0.4801432291666667,512,12
Qwen/Qwen2.5-0.5B,18,0.75,mean,raw,r5,0.5828450520833334,512,12
Qwen/Qwen2.5-0.5B,18,0.75,mean,raw,r10,0.6188151041666666,512,12
Qwen/Qwen2.5-0.5B,18,0.75,mean,raw,mrr,0.5308342135726535,512,12
Qwen/Qwen2.5-0.5B,19,0.7916666666666666,mean,raw,r1,0.4822591145833333,512,12
Qwen/Qwen2.5-0.5B,19,0.7916666666666666,mean,raw,r5,0.5901692708333334,512,12
Qwen/Qwen2.5-0.5B,19,0.7916666666666666,mean,raw,r10,0.6199544270833334,512,12
Qwen/Qwen2.5-0.5B,19,0.7916666666666666,mean,raw,mrr,0.5341992441797866,512,12
Qwen/Qwen2.5-0.5B,20,0.8333333333333334,mean,raw,r1,0.45361328125,512,12
Qwen/Qwen2.5-0.5B,20,0.8333333333333334,mean,raw,r5,0.56689453125,512,12
Qwen/Qwen2.5-0.5B,20,0.8333333333333334,mean,raw,r10,0.6064453125,512,12
Qwen/Qwen2.5-0.5B,20,0.8333333333333334,mean,raw,mrr,0.5090698449620569,512,12
Qwen/Qwen2.5-0.5B,21,0.875,mean,raw,r1,0.3860677083333333,512,12
Qwen/Qwen2.5-0.5B,21,0.875,mean,raw,r5,0.5257161458333334,512,12
Qwen/Qwen2.5-0.5B,21,0.875,mean,raw,r10,0.5760091145833334,512,12
Qwen/Qwen2.5-0.5B,21,0.875,mean,raw,mrr,0.45432706791160554,512,12
Qwen/Qwen2.5-0.5B,22,0.9166666666666666,mean,raw,r1,0.5183919270833334,512,12
Qwen/Qwen2.5-0.5B,22,0.9166666666666666,mean,raw,r5,0.7696940104166666,512,12
Qwen/Qwen2.5-0.5B,22,0.9166666666666666,mean,raw,r10,0.8595377604166666,512,12
Qwen/Qwen2.5-0.5B,22,0.9166666666666666,mean,raw,mrr,0.6288564184504796,512,12
Qwen/Qwen2.5-0.5B,23,0.9583333333333334,mean,raw,r1,0.3466796875,512,12
Qwen/Qwen2.5-0.5B,23,0.9583333333333334,mean,raw,r5,0.5696614583333334,512,12
Qwen/Qwen2.5-0.5B,23,0.9583333333333334,mean,raw,r10,0.6923828125,512,12
Qwen/Qwen2.5-0.5B,23,0.9583333333333334,mean,raw,mrr,0.45700112637408435,512,12
Qwen/Qwen2.5-0.5B,24,1.0,mean,raw,r1,0.043294270833333336,512,12
Qwen/Qwen2.5-0.5B,24,1.0,mean,raw,r5,0.12060546875,512,12
Qwen/Qwen2.5-0.5B,24,1.0,mean,raw,r10,0.18277994791666666,512,12
Qwen/Qwen2.5-0.5B,24,1.0,mean,raw,mrr,0.0948446426593846,512,12
