record_type,model,pooling,condition,seed,test_language,metric,value,comparison,ci_lower,ci_upper,n_resamples,n_train,n_eval
metric,Qwen/Qwen2.5-0.5B,last_token,language,,en,accuracy,0.764,,,,,3000,1500
metric,Qwen/Qwen2.5-0.5B,last_token,language,,en,macro_f1,0.6993924137157831,,,,,3000,1500
metric,Qwen/Qwen2.5-0.5B,last_token,language,,ko,accuracy,0.19266666666666668,,,,,3000,1500
metric,Qwen/Qwen2.5-0.5B,last_token,language,,ko,macro_f1,0.11738309936515115,,,,,3000,1500
metric,Qwen/Qwen2.5-0.5B,last_token,language,,ja,accuracy,0.2693333333333333,,,,,3000,1500
metric,Qwen/Qwen2.5-0.5B,last_token,language,,ja,macro_f1,0.20761344404407672,,,,,3000,1500
metric,Qwen/Qwen2.5-0.5B,last_token,language,,zh,accuracy,0.6333333333333333,,,,,3000,1500
metric,Qwen/Qwen2.5-0.5B,last_token,language,,zh,macro_f1,0.5721360264581423,,,,,3000,1500
metric,Qwen/Qwen2.5-0.5B,mean,language,,en,accuracy,0.7913333333333333,,,,,3000,1500
metric,Qwen/Qwen2.5-0.5B,mean,language,,en,macro_f1,0.7472264793006754,,,,,3000,1500
metric,Qwen/Qwen2.5-0.5B,mean,language,,ko,accuracy,0.28,,,,,3000,1500
metric,Qwen/Qwen2.5-0.5B,mean,language,,ko,macro_f1,0.21296457269705907,,,,,3000,1500
metric,Qwen/Qwen2.5-0.5B,mean,language,,ja,accuracy,0.38,,,,,3000,1500
metric,Qwen/Qwen2.5-0.5B,mean,language,,ja,macro_f1,0.344688734921962,,,,,3000,1500
metric,Qwen/Qwen2.5-0.5B,mean,language,,zh,accuracy,0.6,,,,,3000,1500
metric,Qwen/Qwen2.5-0.5B,mean,language,,zh,macro_f1,0.5556908596070503,,,,,3000,1500
metric,Qwen/Qwen2.5-0.5B,last_token,normal,,en,accuracy,0.758,,,,,3000,1500
metric,Qwen/Qwen2.5-0.5B,last_token,normal,,en,macro_f1,0.6955440028266077,,,,,3000,1500
metric,Qwen/Qwen2.5-0.5B,last_token,normal,,ko,accuracy,0.216,,,,,3000,1500
metric,Qwen/Qwen2.5-0.5B,last_token,normal,,ko,macro_f1,0.14732297048016813,,,,,3000,1500
metric,Qwen/Qwen2.5-0.5B,last_token,normal,,ja,accuracy,0.20333333333333334,,,,,3000,1500
metric,Qwen/Qwen2.5-0.5B,last_token,normal,,ja,macro_f1,0.13926108065754395,,,,,3000,1500
metric,Qwen/Qwen2.5-0.5B,last_token,normal,,zh,accuracy,0.5526666666666666,,,,,3000,1500
metric,Qwen/Qwen2.5-0.5B,last_token,normal,,zh,macro_f1,0.5150353532539673,,,,,3000,1500
metric,Qwen/Qwen2.5-0.5B,mean,normal,,en,accuracy,0.7893333333333333,,,,,3000,1500
metric,Qwen/Qwen2.5-0.5B,mean,normal,,en,macro_f1,0.7340058948520222,,,,,3000,1500
metric,Qwen/Qwen2.5-0.5B,mean,normal,,ko,accuracy,0.168,,,,,3000,1500
metric,Qwen/Qwen2.5-0.5B,mean,normal,,ko,macro_f1,0.09594113176683429,,,,,3000,1500
metric,Qwen/Qwen2.5-0.5B,mean,normal,,ja,accuracy,0.132,,,,,3000,1500
metric,Qwen/Qwen2.5-0.5B,mean,normal,,ja,macro_f1,0.07461259225903144,,,,,3000,1500
metric,Qwen/Qwen2.5-0.5B,mean,normal,,zh,accuracy,0.49066666666666664,,,,,3000,1500
metric,Qwen/Qwen2.5-0.5B,mean,normal,,zh,macro_f1,0.4573279570674612,,,,,3000,1500
metric,Qwen/Qwen2.5-0.5B,last_token,pca,,en,accuracy,0.7626666666666667,,,,,3000,1500
metric,Qwen/Qwen2.5-0.5B,last_token,pca,,en,macro_f1,0.6962590526595446,,,,,3000,1500
metric,Qwen/Qwen2.5-0.5B,last_token,pca,,ko,accuracy,0.19133333333333333,,,,,3000,1500
metric,Qwen/Qwen2.5-0.5B,last_token,pca,,ko,macro_f1,0.11821541206033484,,,,,3000,1500
metric,Qwen/Qwen2.5-0.5B,last_token,pca,,ja,accuracy,0.268,,,,,3000,1500
metric,Qwen/Qwen2.5-0.5B,last_token,pca,,ja,macro_f1,0.20659082286503483,,,,,3000,1500
metric,Qwen/Qwen2.5-0.5B,last_token,pca,,zh,accuracy,0.6313333333333333,,,,,3000,1500
metric,Qwen/Qwen2.5-0.5B,last_token,pca,,zh,macro_f1,0.5686200025943161,,,,,3000,1500
metric,Qwen/Qwen2.5-0.5B,mean,pca,,en,accuracy,0.792,,,,,3000,1500
metric,Qwen/Qwen2.5-0.5B,mean,pca,,en,macro_f1,0.7436416764486798,,,,,3000,1500
metric,Qwen/Qwen2.5-0.5B,mean,pca,,ko,accuracy,0.29,,,,,3000,1500
metric,Qwen/Qwen2.5-0.5B,mean,pca,,ko,macro_f1,0.21845674280593896,,,,,3000,1500
metric,Qwen/Qwen2.5-0.5B,mean,pca,,ja,accuracy,0.37666666666666665,,,,,3000,1500
metric,Qwen/Qwen2.5-0.5B,mean,pca,,ja,macro_f1,0.33114559617687145,,,,,3000,1500
metric,Qwen/Qwen2.5-0.5B,mean,pca,,zh,accuracy,0.606,,,,,3000,1500
metric,Qwen/Qwen2.5-0.5B,mean,pca,,zh,macro_f1,0.5534651194900057,,,,,3000,1500
metric,Qwen/Qwen2.5-0.5B,last_token,random,0,en,accuracy,0.758,,,,,3000,1500
metric,Qwen/Qwen2.5-0.5B,last_token,random,0,en,macro_f1,0.6989352810253945,,,,,3000,1500
metric,Qwen/Qwen2.5-0.5B,last_token,random,0,ko,accuracy,0.21133333333333335,,,,,3000,1500
metric,Qwen/Qwen2.5-0.5B,last_token,random,0,ko,macro_f1,0.143649408619618,,,,,3000,1500
metric,Qwen/Qwen2.5-0.5B,last_token,random,0,ja,accuracy,0.20133333333333334,,,,,3000,1500
metric,Qwen/Qwen2.5-0.5B,last_token,random,0,ja,macro_f1,0.130390965083165,,,,,3000,1500
metric,Qwen/Qwen2.5-0.5B,last_token,random,0,zh,accuracy,0.5406666666666666,,,,,3000,1500
metric,Qwen/Qwen2.5-0.5B,last_token,random,0,zh,macro_f1,0.49723063108793836,,,,,3000,1500
metric,Qwen/Qwen2.5-0.5B,mean,random,0,en,accuracy,0.7906666666666666,,,,,3000,1500
metric,Qwen/Qwen2.5-0.5B,mean,random,0,en,macro_f1,0.740607114538867,,,,,3000,1500
metric,Qwen/Qwen2.5-0.5B,mean,random,0,ko,accuracy,0.16466666666666666,,,,,3000,1500
metric,Qwen/Qwen2.5-0.5B,mean,random,0,ko,macro_f1,0.09081178305975185,,,,,3000,1500
metric,Qwen/Qwen2.5-0.5B,mean,random,0,ja,accuracy,0.14666666666666667,,,,,3000,1500
metric,Qwen/Qwen2.5-0.5B,mean,random,0,ja,macro_f1,0.08728581004215752,,,,,3000,1500
metric,Qwen/Qwen2.5-0.5B,mean,random,0,zh,accuracy,0.49333333333333335,,,,,3000,1500
metric,Qwen/Qwen2.5-0.5B,mean,random,0,zh,macro_f1,0.46086015650675066,,,,,3000,1500
metric,Qwen/Qwen2.5-0.5B,last_token,random,1,en,accuracy,0.76,,,,,3000,1500
metric,Qwen/Qwen2.5-0.5B,last_token,random,1,en,macro_f1,0.6975207392275026,,,,,3000,1500
metric,Qwen/Qwen2.5-0.5B,last_token,random,1,ko,accuracy,0.208,,,,,3000,1500
metric,Qwen/Qwen2.5-0.5B,last_token,random,1,ko,macro_f1,0.1458543849147033,,,,,3000,1500
metric,Qwen/Qwen2.5-0.5B,last_token,random,1,ja,accuracy,0.2,,,,,3000,1500
metric,Qwen/Qwen2.5-0.5B,last_token,random,1,ja,macro_f1,0.13902877202913405,,,,,3000,1500
metric,Qwen/Qwen2.5-0.5B,last_token,random,1,zh,accuracy,0.5373333333333333,,,,,3000,1500
metric,Qwen/Qwen2.5-0.5B,last_token,random,1,zh,macro_f1,0.49574239367352363,,,,,3000,1500
metric,Qwen/Qwen2.5-0.5B,mean,random,1,en,accuracy,0.7886666666666666,,,,,3000,1500
metric,Qwen/Qwen2.5-0.5B,mean,random,1,en,macro_f1,0.7291801438429804,,,,,3000,1500
metric,Qwen/Qwen2.5-0.5B,mean,random,1,ko,accuracy,0.17466666666666666,,,,,3000,1500
metric,Qwen/Qwen2.5-0.5B,mean,random,1,ko,macro_f1,0.10244803060258421,,,,,3000,1500
metric,Qwen/Qwen2.5-0.5B,mean,random,1,ja,accuracy,0.15266666666666667,,,,,3000,1500
metric,Qwen/Qwen2.5-0.5B,mean,random,1,ja,macro_f1,0.09001833829424932,,,,,3000,1500
metric,Qwen/Qwen2.5-0.5B,mean,random,1,zh,accuracy,0.49466666666666664,,,,,3000,1500
metric,Qwen/Qwen2.5-0.5B,mean,random,1,zh,macro_f1,0.4585340184359287,,,,,3000,1500
metric,Qwen/Qwen2.5-0.5B,last_token,random,2,en,accuracy,0.756,,,,,3000,1500
metric,Qwen/Qwen2.5-0.5B,last_token,random,2,en,macro_f1,0.6849624480879282,,,,,3000,1500
metric,Qwen/Qwen2.5-0.5B,last_token,random,2,ko,accuracy,0.19533333333333333,,,,,3000,1500
metric,Qwen/Qwen2.5-0.5B,last_token,random,2,ko,macro_f1,0.1449303402939838,,,,,3000,1500
metric,Qwen/Qwen2.5-0.5B,last_token,random,2,ja,accuracy,0.19333333333333333,,,,,3000,1500
metric,Qwen/Qwen2.5-0.5B,last_token,random,2,ja,macro_f1,0.1323541501369932,,,,,3000,1500
metric,Qwen/Qwen2.5-0.5B,last_token,random,2,zh,accuracy,0.5453333333333333,,,,,3000,1500
metric,Qwen/Qwen2.5-0.5B,last_token,random,2,zh,macro_f1,0.4994893651155597,,,,,3000,1500
metric,Qwen/Qwen2.5-0.5B,mean,random,2,en,accuracy,0.7886666666666666,,,,,3000,1500
metric,Qwen/Qwen2.5-0.5B,mean,random,2,en,macro_f1,0.7361653261122252,,,,,3000,1500
metric,Qwen/Qwen2.5-0.5B,mean,random,2,ko,accuracy,0.158,,,,,3000,1500
metric,Qwen/Qwen2.5-0.5B,mean,random,2,ko,macro_f1,0.08573636315877037,,,,,3000,1500
metric,Qwen/Qwen2.5-0.5B,mean,random,2,ja,accuracy,0.14,,,,,3000,1500
metric,Qwen/Qwen2.5-0.5B,mean,random,2,ja,macro_f1,0.0745171246690944,,,,,3000,1500
metric,Qwen/Qwen2.5-0.5B,mean,random,2,zh,accuracy,0.48133333333333334,,,,,3000,1500
metric,Qwen/Qwen2.5-0.5B,mean,random,2,zh,macro_f1,0.4507783125048661,,,,,3000,1500
metric,Qwen/Qwen2.5-0.5B,last_token,random,3,en,accuracy,0.7573333333333333,,,,,3000,1500
metric,Qwen/Qwen2.5-0.5B,last_token,random,3,en,macro_f1,0.6946911477651904,,,,,3000,1500
metric,Qwen/Qwen2.5-0.5B,last_token,random,3,ko,accuracy,0.204,,,,,3000,1500
metric,Qwen/Qwen2.5-0.5B,last_token,random,3,ko,macro_f1,0.14275190151707215,,,,,3000,1500
metric,Qwen/Qwen2.5-0.5B,last_token,random,3,ja,accuracy,0.19133333333333333,,,,,3000,1500
metric,Qwen/Qwen2.5-0.5B,last_token,random,3,ja,macro_f1,0.1309354171931164,,,,,3000,1500
metric,Qwen/Qwen2.5-0.5B,last_token,random,3,zh,accuracy,0.534,,,,,3000,1500
metric,Qwen/Qwen2.5-0.5B,last_token,random,3,zh,macro_f1,0.4914850204486394,,,,,3000,1500
metric,Qwen/Qwen2.5-0.5B,mean,random,3,en,accuracy,0.788,,,,,3000,1500
metric,Qwen/Qwen2.5-0.5B,mean,random,3,en,macro_f1,0.7334625805459348,,,,,3000,1500
metric,Qwen/Qwen2.5-0.5B,mean,random,3,ko,accuracy,0.164,,,,,3000,1500
metric,Qwen/Qwen2.5-0.5B,mean,random,3,ko,macro_f1,0.09533073202223252,,,,,3000,1500
metric,Qwen/Qwen2.5-0.5B,mean,random,3,ja,accuracy,0.136,,,,,3000,1500
metric,Qwen/Qwen2.5-0.5B,mean,random,3,ja,macro_f1,0.07698310462327863,,,,,3000,1500
metric,Qwen/Qwen2.5-0.5B,mean,random,3,zh,accuracy,0.4846666666666667,,,,,3000,1500
metric,Qwen/Qwen2.5-0.5B,mean,random,3,zh,macro_f1,0.454676243643066,,,,,3000,1500
metric,Qwen/Qwen2.5-0.5B,last_token,random,4,en,accuracy,0.7593333333333333,,,,,3000,1500
metric,Qwen/Qwen2.5-0.5B,last_token,random,4,en,macro_f1,0.6930407008049174,,,,,3000,1500
metric,Qwen/Qwen2.5-0.5B,last_token,random,4,ko,accuracy,0.222,,,,,3000,1500
metric,Qwen/Qwen2.5-0.5B,last_token,random,4,ko,macro_f1,0.15010561229195404,,,,,3000,1500
metric,Qwen/Qwen2.5-0.5B,last_token,random,4,ja,accuracy,0.19133333333333333,,,,,3000,1500
metric,Qwen/Qwen2.5-0.5B,last_token,random,4,ja,macro_f1,0.1399357840541593,,,,,3000,1500
metric,Qwen/Qwen2.5-0.5B,last_token,random,4,zh,accuracy,0.5553333333333333,,,,,3000,1500
metric,Qwen/Qwen2.5-0.5B,last_token,random,4,zh,macro_f1,0.5065898401093082,,,,,3000,1500
metric,Qwen/Qwen2.5-0.5B,mean,random,4,en,accuracy,0.7893333333333333,,,,,3000,1500
metric,Qwen/Qwen2.5-0.5B,mean,random,4,en,macro_f1,0.7398830244039759,,,,,3000,1500
metric,Qwen/Qwen2.5-0.5B,mean,random,4,ko,accuracy,0.17333333333333334,,,,,3000,1500
metric,Qwen/Qwen2.5-0.5B,mean,random,4,ko,macro_f1,0.10328377183658122,,,,,3000,1500
metric,Qwen/Qwen2.5-0.5B,mean,random,4,ja,accuracy,0.13266666666666665,,,,,3000,1500
metric,Qwen/Qwen2.5-0.5B,mean,random,4,ja,macro_f1,0.07597309282293295,,,,,3000,1500
metric,Qwen/Qwen2.5-0.5B,mean,random,4,zh,accuracy,0.492,,,,,3000,1500
metric,Qwen/Qwen2.5-0.5B,mean,random,4,zh,macro_f1,0.451742534863341,,,,,3000,1500
bootstrap_delta,Qwen/Qwen2.5-0.5B,last_token,language,,target_mean,delta_accuracy,0.04111111111111111,language-normal,0.029555555555555557,0.05311111111111111,1000,3000,4500
bootstrap_delta,Qwen/Qwen2.5-0.5B,last_token,pca,,target_mean,delta_accuracy,0.03955555555555555,pca-normal,0.027555555555555555,0.052,1000,3000,4500
bootstrap_delta,Qwen/Qwen2.5-0.5B,last_token,language,,target_mean,delta_accuracy,0.0015555555555555555,language-pca,-0.0024444444444444444,0.005561111111111107,1000,3000,4500
bootstrap_delta,Qwen/Qwen2.5-0.5B,mean,language,,target_mean,delta_accuracy,0.15644444444444444,language-normal,0.14444444444444446,0.16867222222222222,1000,3000,4500
bootstrap_delta,Qwen/Qwen2.5-0.5B,mean,pca,,target_mean,delta_accuracy,0.16066666666666668,pca-normal,0.14777777777777779,0.17266666666666666,1000,3000,4500
bootstrap_delta,Qwen/Qwen2.5-0.5B,mean,language,,target_mean,delta_accuracy,-0.004222222222222222,language-pca,-0.009777777777777778,0.0013333333333333333,1000,3000,4500
