model,pooling,layer,target_language,metric,retrieval_raw,retrieval_centered,retrieval_gain,transfer_raw,transfer_centered,transfer_gain,pearson_r,spearman_r
Qwen/Qwen2.5-0.5B,last_token,0,ja,accuracy,0.0,0.0,0.0,0.06466666666666666,0.06866666666666667,0.0040000000000000036,0.6821742924841065,0.7625054371465855
Qwen/Qwen2.5-0.5B,last_token,0,ko,accuracy,0.00390625,0.00390625,0.0,0.037333333333333336,0.04933333333333333,0.011999999999999997,0.6821742924841065,0.7625054371465855
Qwen/Qwen2.5-0.5B,last_token,0,zh,accuracy,0.0032552083333333335,0.003841145833333333,0.0005859374999999997,0.244,0.25133333333333335,0.007333333333333358,0.6821742924841065,0.7625054371465855
Qwen/Qwen2.5-0.5B,last_token,12,ja,accuracy,0.7115885416666666,0.7623046875,0.05071614583333339,0.288,0.2946666666666667,0.00666666666666671,0.6821742924841065,0.7625054371465855
Qwen/Qwen2.5-0.5B,last_token,12,ko,accuracy,0.6868489583333334,0.6972005208333333,0.010351562499999911,0.212,0.214,0.0020000000000000018,0.6821742924841065,0.7625054371465855
Qwen/Qwen2.5-0.5B,last_token,12,zh,accuracy,0.6171875,0.6417317708333333,0.024544270833333326,0.5913333333333334,0.5973333333333334,0.006000000000000005,0.6821742924841065,0.7625054371465855
Qwen/Qwen2.5-0.5B,last_token,15,ja,accuracy,0.798828125,0.8313802083333334,0.03255208333333337,0.3333333333333333,0.37733333333333335,0.04400000000000004,0.6821742924841065,0.7625054371465855
Qwen/Qwen2.5-0.5B,last_token,15,ko,accuracy,0.7545572916666666,0.7688151041666667,0.014257812500000022,0.244,0.30866666666666664,0.06466666666666665,0.6821742924841065,0.7625054371465855
Qwen/Qwen2.5-0.5B,last_token,15,zh,accuracy,0.7447916666666666,0.7631510416666667,0.018359375000000067,0.6586666666666666,0.66,0.0013333333333334085,0.6821742924841065,0.7625054371465855
Qwen/Qwen2.5-0.5B,last_token,24,ja,accuracy,0.06315104166666667,0.3155598958333333,0.25240885416666664,0.20333333333333334,0.302,0.09866666666666665,0.6821742924841065,0.7625054371465855
Qwen/Qwen2.5-0.5B,last_token,24,ko,accuracy,0.0032552083333333335,0.137109375,0.13385416666666666,0.216,0.23,0.014000000000000012,0.6821742924841065,0.7625054371465855
Qwen/Qwen2.5-0.5B,last_token,24,zh,accuracy,0.027994791666666668,0.21197916666666666,0.183984375,0.5526666666666666,0.6453333333333333,0.09266666666666667,0.6821742924841065,0.7625054371465855
Qwen/Qwen2.5-0.5B,mean,0,ja,accuracy,0.16731770833333334,0.4069010416666667,0.23958333333333334,0.23333333333333334,0.37466666666666665,0.1413333333333333,0.6821742924841065,0.7625054371465855
Qwen/Qwen2.5-0.5B,mean,0,ko,accuracy,0.10872395833333333,0.21178385416666667,0.10305989583333335,0.106,0.18666666666666668,0.08066666666666668,0.6821742924841065,0.7625054371465855
Qwen/Qwen2.5-0.5B,mean,0,zh,accuracy,0.15885416666666666,0.44140625,0.28255208333333337,0.55,0.592,0.041999999999999926,0.6821742924841065,0.7625054371465855
Qwen/Qwen2.5-0.5B,mean,12,ja,accuracy,0.3606770833333333,0.6255208333333333,0.26484375,0.45466666666666666,0.612,0.15733333333333333,0.6821742924841065,0.7625054371465855
Qwen/Qwen2.5-0.5B,mean,12,ko,accuracy,0.248046875,0.38274739583333334,0.13470052083333334,0.35133333333333333,0.5333333333333333,0.182,0.6821742924841065,0.7625054371465855
Qwen/Qwen2.5-0.5B,mean,12,zh,accuracy,0.7083333333333334,0.8353515625,0.1270182291666666,0.672,0.6853333333333333,0.013333333333333308,0.6821742924841065,0.7625054371465855
Qwen/Qwen2.5-0.5B,mean,15,ja,accuracy,0.40234375,0.6845703125,0.2822265625,0.5086666666666667,0.6013333333333334,0.09266666666666667,0.6821742924841065,0.7625054371465855
Qwen/Qwen2.5-0.5B,mean,15,ko,accuracy,0.2845052083333333,0.4556640625,0.1711588541666667,0.364,0.5273333333333333,0.16333333333333333,0.6821742924841065,0.7625054371465855
Qwen/Qwen2.5-0.5B,mean,15,zh,accuracy,0.763671875,0.8360677083333333,0.07239583333333333,0.64,0.676,0.03600000000000003,0.6821742924841065,0.7625054371465855
Qwen/Qwen2.5-0.5B,mean,24,ja,accuracy,0.024739583333333332,0.34055989583333335,0.31582031250000003,0.132,0.5233333333333333,0.3913333333333333,0.6821742924841065,0.7625054371465855
Qwen/Qwen2.5-0.5B,mean,24,ko,accuracy,0.012369791666666666,0.251171875,0.23880208333333333,0.168,0.43733333333333335,0.2693333333333333,0.6821742924841065,0.7625054371465855
Qwen/Qwen2.5-0.5B,mean,24,zh,accuracy,0.03515625,0.39010416666666664,0.35494791666666664,0.49066666666666664,0.624,0.13333333333333336,0.6821742924841065,0.7625054371465855
Qwen/Qwen2.5-0.5B,last_token,0,ja,macro_f1,0.0,0.0,0.0,0.016519146917665803,0.017765996150526642,0.0012468492328608395,0.6529559270207274,0.7553816225537187
Qwen/Qwen2.5-0.5B,last_token,0,ko,macro_f1,0.00390625,0.00390625,0.0,0.014448376554206423,0.016474081437553616,0.0020257048833471937,0.6529559270207274,0.7553816225537187
Qwen/Qwen2.5-0.5B,last_token,0,zh,macro_f1,0.0032552083333333335,0.003841145833333333,0.0005859374999999997,0.18822255774752877,0.18501362572568297,-0.0032089320218458006,0.6529559270207274,0.7553816225537187
Qwen/Qwen2.5-0.5B,last_token,12,ja,macro_f1,0.7115885416666666,0.7623046875,0.05071614583333339,0.20619138246989585,0.21878725931669493,0.012595876846799081,0.6529559270207274,0.7553816225537187
Qwen/Qwen2.5-0.5B,last_token,12,ko,macro_f1,0.6868489583333334,0.6972005208333333,0.010351562499999911,0.1402874663147899,0.14824561547014328,0.007958149155353395,0.6529559270207274,0.7553816225537187
Qwen/Qwen2.5-0.5B,last_token,12,zh,macro_f1,0.6171875,0.6417317708333333,0.024544270833333326,0.5247854262578089,0.5299423570366506,0.005156930778841717,0.6529559270207274,0.7553816225537187
Qwen/Qwen2.5-0.5B,last_token,15,ja,macro_f1,0.798828125,0.8313802083333334,0.03255208333333337,0.2444704027094324,0.2990398640882043,0.054569461378771916,0.6529559270207274,0.7553816225537187
Qwen/Qwen2.5-0.5B,last_token,15,ko,macro_f1,0.7545572916666666,0.7688151041666667,0.014257812500000022,0.15702960886597211,0.2304391810045817,0.07340957213860957,0.6529559270207274,0.7553816225537187
Qwen/Qwen2.5-0.5B,last_token,15,zh,macro_f1,0.7447916666666666,0.7631510416666667,0.018359375000000067,0.5877559857959997,0.5856710871547917,-0.0020848986412080883,0.6529559270207274,0.7553816225537187
Qwen/Qwen2.5-0.5B,last_token,24,ja,macro_f1,0.06315104166666667,0.3155598958333333,0.25240885416666664,0.13926108065754395,0.2284161292661807,0.08915504860863677,0.6529559270207274,0.7553816225537187
Qwen/Qwen2.5-0.5B,last_token,24,ko,macro_f1,0.0032552083333333335,0.137109375,0.13385416666666666,0.14732297048016813,0.15172475536310173,0.004401784882933607,0.6529559270207274,0.7553816225537187
Qwen/Qwen2.5-0.5B,last_token,24,zh,macro_f1,0.027994791666666668,0.21197916666666666,0.183984375,0.5150353532539673,0.5781021660833017,0.06306681282933435,0.6529559270207274,0.7553816225537187
Qwen/Qwen2.5-0.5B,mean,0,ja,macro_f1,0.16731770833333334,0.4069010416666667,0.23958333333333334,0.22193148688987405,0.3185455654164197,0.09661407852654566,0.6529559270207274,0.7553816225537187
Qwen/Qwen2.5-0.5B,mean,0,ko,macro_f1,0.10872395833333333,0.21178385416666667,0.10305989583333335,0.045074328476987544,0.12493331145909815,0.07985898298211061,0.6529559270207274,0.7553816225537187
Qwen/Qwen2.5-0.5B,mean,0,zh,macro_f1,0.15885416666666666,0.44140625,0.28255208333333337,0.46673855056246943,0.5191202642310163,0.05238171366854688,0.6529559270207274,0.7553816225537187
Qwen/Qwen2.5-0.5B,mean,12,ja,macro_f1,0.3606770833333333,0.6255208333333333,0.26484375,0.36806040129598344,0.5303470130141847,0.1622866117182013,0.6529559270207274,0.7553816225537187
Qwen/Qwen2.5-0.5B,mean,12,ko,macro_f1,0.248046875,0.38274739583333334,0.13470052083333334,0.2553921429934952,0.4380860679959686,0.1826939250024734,0.6529559270207274,0.7553816225537187
Qwen/Qwen2.5-0.5B,mean,12,zh,macro_f1,0.7083333333333334,0.8353515625,0.1270182291666666,0.6234337902000747,0.6287692230438364,0.0053354328437617005,0.6529559270207274,0.7553816225537187
Qwen/Qwen2.5-0.5B,mean,15,ja,macro_f1,0.40234375,0.6845703125,0.2822265625,0.4076167467876294,0.5246340825483583,0.11701733576072892,0.6529559270207274,0.7553816225537187
Qwen/Qwen2.5-0.5B,mean,15,ko,macro_f1,0.2845052083333333,0.4556640625,0.1711588541666667,0.22846547248786095,0.43193251133015437,0.20346703884229342,0.6529559270207274,0.7553816225537187
Qwen/Qwen2.5-0.5B,mean,15,zh,macro_f1,0.763671875,0.8360677083333333,0.07239583333333333,0.5807990659362569,0.603591697212696,0.022792631276439157,0.6529559270207274,0.7553816225537187
Qwen/Qwen2.5-0.5B,mean,24,ja,macro_f1,0.024739583333333332,0.34055989583333335,0.31582031250000003,0.07461259225903144,0.44556006760104805,0.3709474753420166,0.6529559270207274,0.7553816225537187
Qwen/Qwen2.5-0.5B,mean,24,ko,macro_f1,0.012369791666666666,0.251171875,0.23880208333333333,0.09594113176683429,0.3585684242769218,0.26262729251008754,0.6529559270207274,0.7553816225537187
Qwen/Qwen2.5-0.5B,mean,24,zh,macro_f1,0.03515625,0.39010416666666664,0.35494791666666664,0.4573279570674612,0.5611423362354907,0.10381437916802949,0.6529559270207274,0.7553816225537187
trillionlabs/Tri-0.5B-Base,last_token,0,ja,accuracy,0.001953125,0.001953125,0.0,0.06933333333333333,0.07066666666666667,0.0013333333333333391,0.5949899608896733,0.7360175670948295
trillionlabs/Tri-0.5B-Base,last_token,0,ko,accuracy,0.001953125,0.001953125,0.0,0.07333333333333333,0.048666666666666664,-0.02466666666666667,0.5949899608896733,0.7360175670948295
trillionlabs/Tri-0.5B-Base,last_token,0,zh,accuracy,0.0032552083333333335,0.0032552083333333335,0.0,0.12666666666666668,0.132,0.005333333333333329,0.5949899608896733,0.7360175670948295
trillionlabs/Tri-0.5B-Base,last_token,12,ja,accuracy,0.552734375,0.5860677083333333,0.033333333333333326,0.3453333333333333,0.3393333333333333,-0.006000000000000005,0.5949899608896733,0.7360175670948295
trillionlabs/Tri-0.5B-Base,last_token,12,ko,accuracy,0.6725260416666666,0.6750651041666667,0.002539062500000022,0.2853333333333333,0.30133333333333334,0.016000000000000014,0.5949899608896733,0.7360175670948295
trillionlabs/Tri-0.5B-Base,last_token,12,zh,accuracy,0.685546875,0.7104817708333333,0.024934895833333304,0.44133333333333336,0.43866666666666665,-0.002666666666666706,0.5949899608896733,0.7360175670948295
trillionlabs/Tri-0.5B-Base,last_token,13,ja,accuracy,0.5911458333333334,0.6134114583333333,0.022265624999999956,0.36933333333333335,0.37133333333333335,0.0020000000000000018,0.5949899608896733,0.7360175670948295
trillionlabs/Tri-0.5B-Base,last_token,13,ko,accuracy,0.7005208333333334,0.7046223958333333,0.004101562499999933,0.2966666666666667,0.316,0.019333333333333313,0.5949899608896733,0.7360175670948295
trillionlabs/Tri-0.5B-Base,last_token,13,zh,accuracy,0.7044270833333334,0.7368489583333333,0.03242187499999993,0.4533333333333333,0.4513333333333333,-0.0020000000000000018,0.5949899608896733,0.7360175670948295
trillionlabs/Tri-0.5B-Base,last_token,24,ja,accuracy,0.140625,0.3260416666666667,0.18541666666666667,0.056,0.288,0.23199999999999998,0.5949899608896733,0.7360175670948295
trillionlabs/Tri-0.5B-Base,last_token,24,ko,accuracy,0.11588541666666667,0.3321614583333333,0.21627604166666664,0.09466666666666666,0.35333333333333333,0.25866666666666666,0.5949899608896733,0.7360175670948295
trillionlabs/Tri-0.5B-Base,last_token,24,zh,accuracy,0.259765625,0.44231770833333334,0.18255208333333334,0.06333333333333334,0.48333333333333334,0.42,0.5949899608896733,0.7360175670948295
trillionlabs/Tri-0.5B-Base,mean,0,ja,accuracy,0.6536458333333334,0.7059895833333333,0.05234374999999991,0.24933333333333332,0.29933333333333334,0.05000000000000002,0.5949899608896733,0.7360175670948295
trillionlabs/Tri-0.5B-Base,mean,0,ko,accuracy,0.6282552083333334,0.6845052083333333,0.05624999999999991,0.308,0.31133333333333335,0.003333333333333355,0.5949899608896733,0.7360175670948295
trillionlabs/Tri-0.5B-Base,mean,0,zh,accuracy,0.6119791666666666,0.7006510416666667,0.08867187500000007,0.31333333333333335,0.3526666666666667,0.03933333333333333,0.5949899608896733,0.7360175670948295
trillionlabs/Tri-0.5B-Base,mean,6,ja,accuracy,0.7610677083333334,0.94921875,0.18815104166666663,0.5426666666666666,0.5846666666666667,0.04200000000000004,0.5949899608896733,0.7360175670948295
trillionlabs/Tri-0.5B-Base,mean,6,ko,accuracy,0.748046875,0.9428385416666667,0.1947916666666667,0.5513333333333333,0.5906666666666667,0.03933333333333333,0.5949899608896733,0.7360175670948295
trillionlabs/Tri-0.5B-Base,mean,6,zh,accuracy,0.6888020833333334,0.94765625,0.2588541666666666,0.56,0.5766666666666667,0.016666666666666607,0.5949899608896733,0.7360175670948295
trillionlabs/Tri-0.5B-Base,mean,12,ja,accuracy,0.4368489583333333,0.6927734375,0.25592447916666666,0.572,0.6286666666666667,0.056666666666666754,0.5949899608896733,0.7360175670948295
trillionlabs/Tri-0.5B-Base,mean,12,ko,accuracy,0.4231770833333333,0.7202473958333333,0.2970703125,0.5753333333333334,0.6173333333333333,0.041999999999999926,0.5949899608896733,0.7360175670948295
trillionlabs/Tri-0.5B-Base,mean,12,zh,accuracy,0.3697916666666667,0.5295572916666667,0.15976562499999997,0.5273333333333333,0.5686666666666667,0.04133333333333333,0.5949899608896733,0.7360175670948295
trillionlabs/Tri-0.5B-Base,mean,24,ja,accuracy,0.042317708333333336,0.7631510416666667,0.7208333333333333,0.302,0.494,0.192,0.5949899608896733,0.7360175670948295
trillionlabs/Tri-0.5B-Base,mean,24,ko,accuracy,0.055338541666666664,0.7178385416666667,0.6625000000000001,0.2926666666666667,0.534,0.24133333333333334,0.5949899608896733,0.7360175670948295
trillionlabs/Tri-0.5B-Base,mean,24,zh,accuracy,0.0625,0.7314453125,0.6689453125,0.2966666666666667,0.5266666666666666,0.22999999999999993,0.5949899608896733,0.7360175670948295
trillionlabs/Tri-0.5B-Base,last_token,0,ja,macro_f1,0.001953125,0.001953125,0.0,0.0375859576624173,0.04589682763487487,0.008310869972457571,0.5960412023127962,0.7528288316813024
trillionlabs/Tri-0.5B-Base,last_token,0,ko,macro_f1,0.001953125,0.001953125,0.0,0.030252093441953887,0.026982982340594104,-0.0032691111013597833,0.5960412023127962,0.7528288316813024
trillionlabs/Tri-0.5B-Base,last_token,0,zh,macro_f1,0.0032552083333333335,0.0032552083333333335,0.0,0.06875581676141101,0.07462917400130505,0.005873357239894031,0.5960412023127962,0.7528288316813024
trillionlabs/Tri-0.5B-Base,last_token,12,ja,macro_f1,0.552734375,0.5860677083333333,0.033333333333333326,0.2534565284709078,0.26220011176513935,0.008743583294231527,0.5960412023127962,0.7528288316813024
trillionlabs/Tri-0.5B-Base,last_token,12,ko,macro_f1,0.6725260416666666,0.6750651041666667,0.002539062500000022,0.20621250160708482,0.23215186034158206,0.025939358734497237,0.5960412023127962,0.7528288316813024
trillionlabs/Tri-0.5B-Base,last_token,12,zh,macro_f1,0.685546875,0.7104817708333333,0.024934895833333304,0.3688740964243287,0.3646755359395931,-0.004198560484735603,0.5960412023127962,0.7528288316813024
trillionlabs/Tri-0.5B-Base,last_token,13,ja,macro_f1,0.5911458333333334,0.6134114583333333,0.022265624999999956,0.2889539705478746,0.29445622459561355,0.005502254047738964,0.5960412023127962,0.7528288316813024
trillionlabs/Tri-0.5B-Base,last_token,13,ko,macro_f1,0.7005208333333334,0.7046223958333333,0.004101562499999933,0.2205725660329011,0.2491415458667344,0.028568979833833302,0.5960412023127962,0.7528288316813024
trillionlabs/Tri-0.5B-Base,last_token,13,zh,macro_f1,0.7044270833333334,0.7368489583333333,0.03242187499999993,0.39641349564848755,0.38702147065141124,-0.00939202499707631,0.5960412023127962,0.7528288316813024
trillionlabs/Tri-0.5B-Base,last_token,24,ja,macro_f1,0.140625,0.3260416666666667,0.18541666666666667,0.012338017014208027,0.2352937882227725,0.22295577120856447,0.5960412023127962,0.7528288316813024
trillionlabs/Tri-0.5B-Base,last_token,24,ko,macro_f1,0.11588541666666667,0.3321614583333333,0.21627604166666664,0.04413592322846785,0.28905331396460415,0.2449173907361363,0.5960412023127962,0.7528288316813024
trillionlabs/Tri-0.5B-Base,last_token,24,zh,macro_f1,0.259765625,0.44231770833333334,0.18255208333333334,0.013820048092584889,0.43927029889493857,0.42545025080235366,0.5960412023127962,0.7528288316813024
trillionlabs/Tri-0.5B-Base,mean,0,ja,macro_f1,0.6536458333333334,0.7059895833333333,0.05234374999999991,0.200502975069146,0.24617676851551176,0.04567379344636577,0.5960412023127962,0.7528288316813024
trillionlabs/Tri-0.5B-Base,mean,0,ko,macro_f1,0.6282552083333334,0.6845052083333333,0.05624999999999991,0.24000803162573858,0.2680366829115472,0.028028651285808615,0.5960412023127962,0.7528288316813024
trillionlabs/Tri-0.5B-Base,mean,0,zh,macro_f1,0.6119791666666666,0.7006510416666667,0.08867187500000007,0.2402890270845092,0.2778587467757364,0.037569719691227216,0.5960412023127962,0.7528288316813024
trillionlabs/Tri-0.5B-Base,mean,6,ja,macro_f1,0.7610677083333334,0.94921875,0.18815104166666663,0.47786320651838915,0.5236299628701413,0.04576675635175215,0.5960412023127962,0.7528288316813024
trillionlabs/Tri-0.5B-Base,mean,6,ko,macro_f1,0.748046875,0.9428385416666667,0.1947916666666667,0.48435818378519657,0.5309440662082567,0.046585882423060165,0.5960412023127962,0.7528288316813024
trillionlabs/Tri-0.5B-Base,mean,6,zh,macro_f1,0.6888020833333334,0.94765625,0.2588541666666666,0.48754547749997157,0.5121642463655918,0.0246187688656202,0.5960412023127962,0.7528288316813024
trillionlabs/Tri-0.5B-Base,mean,12,ja,macro_f1,0.4368489583333333,0.6927734375,0.25592447916666666,0.5049158186279054,0.5783948716053963,0.07347905297749091,0.5960412023127962,0.7528288316813024
trillionlabs/Tri-0.5B-Base,mean,12,ko,macro_f1,0.4231770833333333,0.7202473958333333,0.2970703125,0.4957723618717989,0.5485084258907063,0.05273606401890735,0.5960412023127962,0.7528288316813024
trillionlabs/Tri-0.5B-Base,mean,12,zh,macro_f1,0.3697916666666667,0.5295572916666667,0.15976562499999997,0.45280743322858463,0.5176244318864766,0.06481699865789192,0.5960412023127962,0.7528288316813024
trillionlabs/Tri-0.5B-Base,mean,24,ja,macro_f1,0.042317708333333336,0.7631510416666667,0.7208333333333333,0.27145350776841476,0.4719450683989091,0.20049156063049434,0.5960412023127962,0.7528288316813024
trillionlabs/Tri-0.5B-Base,mean,24,ko,macro_f1,0.055338541666666664,0.7178385416666667,0.6625000000000001,0.24324476578557652,0.4829742398092896,0.23972947402371309,0.5960412023127962,0.7528288316813024
trillionlabs/Tri-0.5B-Base,mean,24,zh,macro_f1,0.0625,0.7314453125,0.6689453125,0.2801235197456758,0.4986413296125122,0.2185178098668364,0.5960412023127962,0.7528288316813024
