model,layer,normalized_depth,pooling,condition,train_language,test_language,metric,value,accuracy,macro_f1,english_score,transfer_gap,n_train,n_centroid_samples,n_eval,n_classes
trillionlabs/Tri-0.5B-Base,0,0.0,last_token,raw,en,en,accuracy,0.3433333333333333,0.3433333333333333,0.3136883549295769,0.3433333333333333,0.0,3000,3000,1500,60
trillionlabs/Tri-0.5B-Base,0,0.0,last_token,raw,en,en,macro_f1,0.3136883549295769,0.3433333333333333,0.3136883549295769,0.3136883549295769,0.0,3000,3000,1500,60
trillionlabs/Tri-0.5B-Base,0,0.0,last_token,raw,en,ko,accuracy,0.07333333333333333,0.07333333333333333,0.030252093441953887,0.3433333333333333,0.27,3000,3000,1500,60
trillionlabs/Tri-0.5B-Base,0,0.0,last_token,raw,en,ko,macro_f1,0.030252093441953887,0.07333333333333333,0.030252093441953887,0.3136883549295769,0.283436261487623,3000,3000,1500,60
trillionlabs/Tri-0.5B-Base,0,0.0,last_token,raw,en,ja,accuracy,0.06933333333333333,0.06933333333333333,0.0375859576624173,0.3433333333333333,0.274,3000,3000,1500,60
trillionlabs/Tri-0.5B-Base,0,0.0,last_token,raw,en,ja,macro_f1,0.0375859576624173,0.06933333333333333,0.0375859576624173,0.3136883549295769,0.2761023972671596,3000,3000,1500,60
trillionlabs/Tri-0.5B-Base,0,0.0,last_token,raw,en,zh,accuracy,0.12666666666666668,0.12666666666666668,0.06875581676141101,0.3433333333333333,0.21666666666666665,3000,3000,1500,60
trillionlabs/Tri-0.5B-Base,0,0.0,last_token,raw,en,zh,macro_f1,0.06875581676141101,0.12666666666666668,0.06875581676141101,0.3136883549295769,0.2449325381681659,3000,3000,1500,60
trillionlabs/Tri-0.5B-Base,0,0.0,last_token,global-centered,en,en,accuracy,0.3433333333333333,0.3433333333333333,0.3136883549295769,0.3433333333333333,0.0,3000,3000,1500,60
trillionlabs/Tri-0.5B-Base,0,0.0,last_token,global-centered,en,en,macro_f1,0.3136883549295769,0.3433333333333333,0.3136883549295769,0.3136883549295769,0.0,3000,3000,1500,60
trillionlabs/Tri-0.5B-Base,0,0.0,last_token,global-centered,en,ko,accuracy,0.07333333333333333,0.07333333333333333,0.030252093441953887,0.3433333333333333,0.27,3000,3000,1500,60
trillionlabs/Tri-0.5B-Base,0,0.0,last_token,global-centered,en,ko,macro_f1,0.030252093441953887,0.07333333333333333,0.030252093441953887,0.3136883549295769,0.283436261487623,3000,3000,1500,60
trillionlabs/Tri-0.5B-Base,0,0.0,last_token,global-centered,en,ja,accuracy,0.06933333333333333,0.06933333333333333,0.0375859576624173,0.3433333333333333,0.274,3000,3000,1500,60
trillionlabs/Tri-0.5B-Base,0,0.0,last_token,global-centered,en,ja,macro_f1,0.0375859576624173,0.06933333333333333,0.0375859576624173,0.3136883549295769,0.2761023972671596,3000,3000,1500,60
trillionlabs/Tri-0.5B-Base,0,0.0,last_token,global-centered,en,zh,accuracy,0.12666666666666668,0.12666666666666668,0.06875581676141101,0.3433333333333333,0.21666666666666665,3000,3000,1500,60
trillionlabs/Tri-0.5B-Base,0,0.0,last_token,global-centered,en,zh,macro_f1,0.06875581676141101,0.12666666666666668,0.06875581676141101,0.3136883549295769,0.2449325381681659,3000,3000,1500,60
trillionlabs/Tri-0.5B-Base,0,0.0,last_token,per-language-centered,en,en,accuracy,0.3433333333333333,0.3433333333333333,0.3136883549295769,0.3433333333333333,0.0,3000,3000,1500,60
trillionlabs/Tri-0.5B-Base,0,0.0,last_token,per-language-centered,en,en,macro_f1,0.3136883549295769,0.3433333333333333,0.3136883549295769,0.3136883549295769,0.0,3000,3000,1500,60
trillionlabs/Tri-0.5B-Base,0,0.0,last_token,per-language-centered,en,ko,accuracy,0.048666666666666664,0.048666666666666664,0.026982982340594104,0.3433333333333333,0.29466666666666663,3000,3000,1500,60
trillionlabs/Tri-0.5B-Base,0,0.0,last_token,per-language-centered,en,ko,macro_f1,0.026982982340594104,0.048666666666666664,0.026982982340594104,0.3136883549295769,0.2867053725889828,3000,3000,1500,60
trillionlabs/Tri-0.5B-Base,0,0.0,last_token,per-language-centered,en,ja,accuracy,0.07066666666666667,0.07066666666666667,0.04589682763487487,0.3433333333333333,0.27266666666666667,3000,3000,1500,60
trillionlabs/Tri-0.5B-Base,0,0.0,last_token,per-language-centered,en,ja,macro_f1,0.04589682763487487,0.07066666666666667,0.04589682763487487,0.3136883549295769,0.26779152729470207,3000,3000,1500,60
trillionlabs/Tri-0.5B-Base,0,0.0,last_token,per-language-centered,en,zh,accuracy,0.132,0.132,0.07462917400130505,0.3433333333333333,0.21133333333333332,3000,3000,1500,60
trillionlabs/Tri-0.5B-Base,0,0.0,last_token,per-language-centered,en,zh,macro_f1,0.07462917400130505,0.132,0.07462917400130505,0.3136883549295769,0.23905918092827189,3000,3000,1500,60
trillionlabs/Tri-0.5B-Base,13,0.5416666666666666,last_token,raw,en,en,accuracy,0.6893333333333334,0.6893333333333334,0.640082759957128,0.6893333333333334,0.0,3000,3000,1500,60
trillionlabs/Tri-0.5B-Base,13,0.5416666666666666,last_token,raw,en,en,macro_f1,0.640082759957128,0.6893333333333334,0.640082759957128,0.640082759957128,0.0,3000,3000,1500,60
trillionlabs/Tri-0.5B-Base,13,0.5416666666666666,last_token,raw,en,ko,accuracy,0.2966666666666667,0.2966666666666667,0.2205725660329011,0.6893333333333334,0.39266666666666666,3000,3000,1500,60
trillionlabs/Tri-0.5B-Base,13,0.5416666666666666,last_token,raw,en,ko,macro_f1,0.2205725660329011,0.2966666666666667,0.2205725660329011,0.640082759957128,0.41951019392422695,3000,3000,1500,60
trillionlabs/Tri-0.5B-Base,13,0.5416666666666666,last_token,raw,en,ja,accuracy,0.36933333333333335,0.36933333333333335,0.2889539705478746,0.6893333333333334,0.32,3000,3000,1500,60
trillionlabs/Tri-0.5B-Base,13,0.5416666666666666,last_token,raw,en,ja,macro_f1,0.2889539705478746,0.36933333333333335,0.2889539705478746,0.640082759957128,0.35112878940925346,3000,3000,1500,60
trillionlabs/Tri-0.5B-Base,13,0.5416666666666666,last_token,raw,en,zh,accuracy,0.4533333333333333,0.4533333333333333,0.39641349564848755,0.6893333333333334,0.23600000000000004,3000,3000,1500,60
trillionlabs/Tri-0.5B-Base,13,0.5416666666666666,last_token,raw,en,zh,macro_f1,0.39641349564848755,0.4533333333333333,0.39641349564848755,0.640082759957128,0.2436692643086405,3000,3000,1500,60
trillionlabs/Tri-0.5B-Base,13,0.5416666666666666,last_token,global-centered,en,en,accuracy,0.6893333333333334,0.6893333333333334,0.640082759957128,0.6893333333333334,0.0,3000,3000,1500,60
trillionlabs/Tri-0.5B-Base,13,0.5416666666666666,last_token,global-centered,en,en,macro_f1,0.640082759957128,0.6893333333333334,0.640082759957128,0.640082759957128,0.0,3000,3000,1500,60
trillionlabs/Tri-0.5B-Base,13,0.5416666666666666,last_token,global-centered,en,ko,accuracy,0.2966666666666667,0.2966666666666667,0.2205725660329011,0.6893333333333334,0.39266666666666666,3000,3000,1500,60
trillionlabs/Tri-0.5B-Base,13,0.5416666666666666,last_token,global-centered,en,ko,macro_f1,0.2205725660329011,0.2966666666666667,0.2205725660329011,0.640082759957128,0.41951019392422695,3000,3000,1500,60
trillionlabs/Tri-0.5B-Base,13,0.5416666666666666,last_token,global-centered,en,ja,accuracy,0.36933333333333335,0.36933333333333335,0.2889539705478746,0.6893333333333334,0.32,3000,3000,1500,60
trillionlabs/Tri-0.5B-Base,13,0.5416666666666666,last_token,global-centered,en,ja,macro_f1,0.2889539705478746,0.36933333333333335,0.2889539705478746,0.640082759957128,0.35112878940925346,3000,3000,1500,60
trillionlabs/Tri-0.5B-Base,13,0.5416666666666666,last_token,global-centered,en,zh,accuracy,0.4533333333333333,0.4533333333333333,0.39641349564848755,0.6893333333333334,0.23600000000000004,3000,3000,1500,60
trillionlabs/Tri-0.5B-Base,13,0.5416666666666666,last_token,global-centered,en,zh,macro_f1,0.39641349564848755,0.4533333333333333,0.39641349564848755,0.640082759957128,0.2436692643086405,3000,3000,1500,60
trillionlabs/Tri-0.5B-Base,13,0.5416666666666666,last_token,per-language-centered,en,en,accuracy,0.6893333333333334,0.6893333333333334,0.640082759957128,0.6893333333333334,0.0,3000,3000,1500,60
trillionlabs/Tri-0.5B-Base,13,0.5416666666666666,last_token,per-language-centered,en,en,macro_f1,0.640082759957128,0.6893333333333334,0.640082759957128,0.640082759957128,0.0,3000,3000,1500,60
trillionlabs/Tri-0.5B-Base,13,0.5416666666666666,last_token,per-language-centered,en,ko,accuracy,0.316,0.316,0.2491415458667344,0.6893333333333334,0.37333333333333335,3000,3000,1500,60
trillionlabs/Tri-0.5B-Base,13,0.5416666666666666,last_token,per-language-centered,en,ko,macro_f1,0.2491415458667344,0.316,0.2491415458667344,0.640082759957128,0.3909412140903936,3000,3000,1500,60
trillionlabs/Tri-0.5B-Base,13,0.5416666666666666,last_token,per-language-centered,en,ja,accuracy,0.37133333333333335,0.37133333333333335,0.29445622459561355,0.6893333333333334,0.318,3000,3000,1500,60
trillionlabs/Tri-0.5B-Base,13,0.5416666666666666,last_token,per-language-centered,en,ja,macro_f1,0.29445622459561355,0.37133333333333335,0.29445622459561355,0.640082759957128,0.3456265353615145,3000,3000,1500,60
trillionlabs/Tri-0.5B-Base,13,0.5416666666666666,last_token,per-language-centered,en,zh,accuracy,0.4513333333333333,0.4513333333333333,0.38702147065141124,0.6893333333333334,0.23800000000000004,3000,3000,1500,60
trillionlabs/Tri-0.5B-Base,13,0.5416666666666666,last_token,per-language-centered,en,zh,macro_f1,0.38702147065141124,0.4513333333333333,0.38702147065141124,0.640082759957128,0.2530612893057168,3000,3000,1500,60
trillionlabs/Tri-0.5B-Base,12,0.5,last_token,raw,en,en,accuracy,0.6726666666666666,0.6726666666666666,0.6188840435453208,0.6726666666666666,0.0,3000,3000,1500,60
trillionlabs/Tri-0.5B-Base,12,0.5,last_token,raw,en,en,macro_f1,0.6188840435453208,0.6726666666666666,0.6188840435453208,0.6188840435453208,0.0,3000,3000,1500,60
trillionlabs/Tri-0.5B-Base,12,0.5,last_token,raw,en,ko,accuracy,0.2853333333333333,0.2853333333333333,0.20621250160708482,0.6726666666666666,0.3873333333333333,3000,3000,1500,60
trillionlabs/Tri-0.5B-Base,12,0.5,last_token,raw,en,ko,macro_f1,0.20621250160708482,0.2853333333333333,0.20621250160708482,0.6188840435453208,0.41267154193823596,3000,3000,1500,60
trillionlabs/Tri-0.5B-Base,12,0.5,last_token,raw,en,ja,accuracy,0.3453333333333333,0.3453333333333333,0.2534565284709078,0.6726666666666666,0.3273333333333333,3000,3000,1500,60
trillionlabs/Tri-0.5B-Base,12,0.5,last_token,raw,en,ja,macro_f1,0.2534565284709078,0.3453333333333333,0.2534565284709078,0.6188840435453208,0.36542751507441296,3000,3000,1500,60
trillionlabs/Tri-0.5B-Base,12,0.5,last_token,raw,en,zh,accuracy,0.44133333333333336,0.44133333333333336,0.3688740964243287,0.6726666666666666,0.23133333333333328,3000,3000,1500,60
trillionlabs/Tri-0.5B-Base,12,0.5,last_token,raw,en,zh,macro_f1,0.3688740964243287,0.44133333333333336,0.3688740964243287,0.6188840435453208,0.25000994712099206,3000,3000,1500,60
trillionlabs/Tri-0.5B-Base,12,0.5,last_token,global-centered,en,en,accuracy,0.6726666666666666,0.6726666666666666,0.6188840435453208,0.6726666666666666,0.0,3000,3000,1500,60
trillionlabs/Tri-0.5B-Base,12,0.5,last_token,global-centered,en,en,macro_f1,0.6188840435453208,0.6726666666666666,0.6188840435453208,0.6188840435453208,0.0,3000,3000,1500,60
trillionlabs/Tri-0.5B-Base,12,0.5,last_token,global-centered,en,ko,accuracy,0.2853333333333333,0.2853333333333333,0.20621250160708482,0.6726666666666666,0.3873333333333333,3000,3000,1500,60
trillionlabs/Tri-0.5B-Base,12,0.5,last_token,global-centered,en,ko,macro_f1,0.20621250160708482,0.2853333333333333,0.20621250160708482,0.6188840435453208,0.41267154193823596,3000,3000,1500,60
trillionlabs/Tri-0.5B-Base,12,0.5,last_token,global-centered,en,ja,accuracy,0.3453333333333333,0.3453333333333333,0.2534565284709078,0.6726666666666666,0.3273333333333333,3000,3000,1500,60
trillionlabs/Tri-0.5B-Base,12,0.5,last_token,global-centered,en,ja,macro_f1,0.2534565284709078,0.3453333333333333,0.2534565284709078,0.6188840435453208,0.36542751507441296,3000,3000,1500,60
trillionlabs/Tri-0.5B-Base,12,0.5,last_token,global-centered,en,zh,accuracy,0.44133333333333336,0.44133333333333336,0.3688740964243287,0.6726666666666666,0.23133333333333328,3000,3000,1500,60
trillionlabs/Tri-0.5B-Base,12,0.5,last_token,global-centered,en,zh,macro_f1,0.3688740964243287,0.44133333333333336,0.3688740964243287,0.6188840435453208,0.25000994712099206,3000,3000,1500,60
trillionlabs/Tri-0.5B-Base,12,0.5,last_token,per-language-centered,en,en,accuracy,0.6726666666666666,0.6726666666666666,0.6188840435453208,0.6726666666666666,0.0,3000,3000,1500,60
trillionlabs/Tri-0.5B-Base,12,0.5,last_token,per-language-centered,en,en,macro_f1,0.6188840435453208,0.6726666666666666,0.6188840435453208,0.6188840435453208,0.0,3000,3000,1500,60
trillionlabs/Tri-0.5B-Base,12,0.5,last_token,per-language-centered,en,ko,accuracy,0.30133333333333334,0.30133333333333334,0.23215186034158206,0.6726666666666666,0.3713333333333333,3000,3000,1500,60
trillionlabs/Tri-0.5B-Base,12,0.5,last_token,per-language-centered,en,ko,macro_f1,0.23215186034158206,0.30133333333333334,0.23215186034158206,0.6188840435453208,0.3867321832037387,3000,3000,1500,60
trillionlabs/Tri-0.5B-Base,12,0.5,last_token,per-language-centered,en,ja,accuracy,0.3393333333333333,0.3393333333333333,0.26220011176513935,0.6726666666666666,0.3333333333333333,3000,3000,1500,60
trillionlabs/Tri-0.5B-Base,12,0.5,last_token,per-language-centered,en,ja,macro_f1,0.26220011176513935,0.3393333333333333,0.26220011176513935,0.6188840435453208,0.35668393178018143,3000,3000,1500,60
trillionlabs/Tri-0.5B-Base,12,0.5,last_token,per-language-centered,en,zh,accuracy,0.43866666666666665,0.43866666666666665,0.3646755359395931,0.6726666666666666,0.23399999999999999,3000,3000,1500,60
trillionlabs/Tri-0.5B-Base,12,0.5,last_token,per-language-centered,en,zh,macro_f1,0.3646755359395931,0.43866666666666665,0.3646755359395931,0.6188840435453208,0.25420850760572766,3000,3000,1500,60
trillionlabs/Tri-0.5B-Base,24,1.0,last_token,raw,en,en,accuracy,0.7186666666666667,0.7186666666666667,0.6426625377061335,0.7186666666666667,0.0,3000,3000,1500,60
trillionlabs/Tri-0.5B-Base,24,1.0,last_token,raw,en,en,macro_f1,0.6426625377061335,0.7186666666666667,0.6426625377061335,0.6426625377061335,0.0,3000,3000,1500,60
trillionlabs/Tri-0.5B-Base,24,1.0,last_token,raw,en,ko,accuracy,0.09466666666666666,0.09466666666666666,0.04413592322846785,0.7186666666666667,0.624,3000,3000,1500,60
trillionlabs/Tri-0.5B-Base,24,1.0,last_token,raw,en,ko,macro_f1,0.04413592322846785,0.09466666666666666,0.04413592322846785,0.6426625377061335,0.5985266144776656,3000,3000,1500,60
trillionlabs/Tri-0.5B-Base,24,1.0,last_token,raw,en,ja,accuracy,0.056,0.056,0.012338017014208027,0.7186666666666667,0.6626666666666666,3000,3000,1500,60
trillionlabs/Tri-0.5B-Base,24,1.0,last_token,raw,en,ja,macro_f1,0.012338017014208027,0.056,0.012338017014208027,0.6426625377061335,0.6303245206919255,3000,3000,1500,60
trillionlabs/Tri-0.5B-Base,24,1.0,last_token,raw,en,zh,accuracy,0.06333333333333334,0.06333333333333334,0.013820048092584889,0.7186666666666667,0.6553333333333333,3000,3000,1500,60
trillionlabs/Tri-0.5B-Base,24,1.0,last_token,raw,en,zh,macro_f1,0.013820048092584889,0.06333333333333334,0.013820048092584889,0.6426625377061335,0.6288424896135486,3000,3000,1500,60
trillionlabs/Tri-0.5B-Base,24,1.0,last_token,global-centered,en,en,accuracy,0.7186666666666667,0.7186666666666667,0.6426625377061335,0.7186666666666667,0.0,3000,3000,1500,60
trillionlabs/Tri-0.5B-Base,24,1.0,last_token,global-centered,en,en,macro_f1,0.6426625377061335,0.7186666666666667,0.6426625377061335,0.6426625377061335,0.0,3000,3000,1500,60
trillionlabs/Tri-0.5B-Base,24,1.0,last_token,global-centered,en,ko,accuracy,0.09466666666666666,0.09466666666666666,0.04413592322846785,0.7186666666666667,0.624,3000,3000,1500,60
trillionlabs/Tri-0.5B-Base,24,1.0,last_token,global-centered,en,ko,macro_f1,0.04413592322846785,0.09466666666666666,0.04413592322846785,0.6426625377061335,0.5985266144776656,3000,3000,1500,60
trillionlabs/Tri-0.5B-Base,24,1.0,last_token,global-centered,en,ja,accuracy,0.056,0.056,0.012338017014208027,0.7186666666666667,0.6626666666666666,3000,3000,1500,60
trillionlabs/Tri-0.5B-Base,24,1.0,last_token,global-centered,en,ja,macro_f1,0.012338017014208027,0.056,0.012338017014208027,0.6426625377061335,0.6303245206919255,3000,3000,1500,60
trillionlabs/Tri-0.5B-Base,24,1.0,last_token,global-centered,en,zh,accuracy,0.06333333333333334,0.06333333333333334,0.013820048092584889,0.7186666666666667,0.6553333333333333,3000,3000,1500,60
trillionlabs/Tri-0.5B-Base,24,1.0,last_token,global-centered,en,zh,macro_f1,0.013820048092584889,0.06333333333333334,0.013820048092584889,0.6426625377061335,0.6288424896135486,3000,3000,1500,60
trillionlabs/Tri-0.5B-Base,24,1.0,last_token,per-language-centered,en,en,accuracy,0.7186666666666667,0.7186666666666667,0.6426625377061335,0.7186666666666667,0.0,3000,3000,1500,60
trillionlabs/Tri-0.5B-Base,24,1.0,last_token,per-language-centered,en,en,macro_f1,0.6426625377061335,0.7186666666666667,0.6426625377061335,0.6426625377061335,0.0,3000,3000,1500,60
trillionlabs/Tri-0.5B-Base,24,1.0,last_token,per-language-centered,en,ko,accuracy,0.35333333333333333,0.35333333333333333,0.28905331396460415,0.7186666666666667,0.36533333333333334,3000,3000,1500,60
trillionlabs/Tri-0.5B-Base,24,1.0,last_token,per-language-centered,en,ko,macro_f1,0.28905331396460415,0.35333333333333333,0.28905331396460415,0.6426625377061335,0.3536092237415293,3000,3000,1500,60
trillionlabs/Tri-0.5B-Base,24,1.0,last_token,per-language-centered,en,ja,accuracy,0.288,0.288,0.2352937882227725,0.7186666666666667,0.4306666666666667,3000,3000,1500,60
trillionlabs/Tri-0.5B-Base,24,1.0,last_token,per-language-centered,en,ja,macro_f1,0.2352937882227725,0.288,0.2352937882227725,0.6426625377061335,0.407368749483361,3000,3000,1500,60
trillionlabs/Tri-0.5B-Base,24,1.0,last_token,per-language-centered,en,zh,accuracy,0.48333333333333334,0.48333333333333334,0.43927029889493857,0.7186666666666667,0.23533333333333334,3000,3000,1500,60
trillionlabs/Tri-0.5B-Base,24,1.0,last_token,per-language-centered,en,zh,macro_f1,0.43927029889493857,0.48333333333333334,0.43927029889493857,0.6426625377061335,0.2033922388111949,3000,3000,1500,60
trillionlabs/Tri-0.5B-Base,0,0.0,mean,raw,en,en,accuracy,0.7573333333333333,0.7573333333333333,0.7147529060579491,0.7573333333333333,0.0,3000,3000,1500,60
trillionlabs/Tri-0.5B-Base,0,0.0,mean,raw,en,en,macro_f1,0.7147529060579491,0.7573333333333333,0.7147529060579491,0.7147529060579491,0.0,3000,3000,1500,60
trillionlabs/Tri-0.5B-Base,0,0.0,mean,raw,en,ko,accuracy,0.308,0.308,0.24000803162573858,0.7573333333333333,0.4493333333333333,3000,3000,1500,60
trillionlabs/Tri-0.5B-Base,0,0.0,mean,raw,en,ko,macro_f1,0.24000803162573858,0.308,0.24000803162573858,0.7147529060579491,0.4747448744322105,3000,3000,1500,60
trillionlabs/Tri-0.5B-Base,0,0.0,mean,raw,en,ja,accuracy,0.24933333333333332,0.24933333333333332,0.200502975069146,0.7573333333333333,0.508,3000,3000,1500,60
trillionlabs/Tri-0.5B-Base,0,0.0,mean,raw,en,ja,macro_f1,0.200502975069146,0.24933333333333332,0.200502975069146,0.7147529060579491,0.5142499309888031,3000,3000,1500,60
trillionlabs/Tri-0.5B-Base,0,0.0,mean,raw,en,zh,accuracy,0.31333333333333335,0.31333333333333335,0.2402890270845092,0.7573333333333333,0.44399999999999995,3000,3000,1500,60
trillionlabs/Tri-0.5B-Base,0,0.0,mean,raw,en,zh,macro_f1,0.2402890270845092,0.31333333333333335,0.2402890270845092,0.7147529060579491,0.4744638789734399,3000,3000,1500,60
trillionlabs/Tri-0.5B-Base,0,0.0,mean,global-centered,en,en,accuracy,0.7573333333333333,0.7573333333333333,0.7147529060579491,0.7573333333333333,0.0,3000,3000,1500,60
trillionlabs/Tri-0.5B-Base,0,0.0,mean,global-centered,en,en,macro_f1,0.7147529060579491,0.7573333333333333,0.7147529060579491,0.7147529060579491,0.0,3000,3000,1500,60
trillionlabs/Tri-0.5B-Base,0,0.0,mean,global-centered,en,ko,accuracy,0.308,0.308,0.24000803162573858,0.7573333333333333,0.4493333333333333,3000,3000,1500,60
trillionlabs/Tri-0.5B-Base,0,0.0,mean,global-centered,en,ko,macro_f1,0.24000803162573858,0.308,0.24000803162573858,0.7147529060579491,0.4747448744322105,3000,3000,1500,60
trillionlabs/Tri-0.5B-Base,0,0.0,mean,global-centered,en,ja,accuracy,0.24933333333333332,0.24933333333333332,0.200502975069146,0.7573333333333333,0.508,3000,3000,1500,60
trillionlabs/Tri-0.5B-Base,0,0.0,mean,global-centered,en,ja,macro_f1,0.200502975069146,0.24933333333333332,0.200502975069146,0.7147529060579491,0.5142499309888031,3000,3000,1500,60
trillionlabs/Tri-0.5B-Base,0,0.0,mean,global-centered,en,zh,accuracy,0.31333333333333335,0.31333333333333335,0.2402890270845092,0.7573333333333333,0.44399999999999995,3000,3000,1500,60
trillionlabs/Tri-0.5B-Base,0,0.0,mean,global-centered,en,zh,macro_f1,0.2402890270845092,0.31333333333333335,0.2402890270845092,0.7147529060579491,0.4744638789734399,3000,3000,1500,60
trillionlabs/Tri-0.5B-Base,0,0.0,mean,per-language-centered,en,en,accuracy,0.7573333333333333,0.7573333333333333,0.7147529060579491,0.7573333333333333,0.0,3000,3000,1500,60
trillionlabs/Tri-0.5B-Base,0,0.0,mean,per-language-centered,en,en,macro_f1,0.7147529060579491,0.7573333333333333,0.7147529060579491,0.7147529060579491,0.0,3000,3000,1500,60
trillionlabs/Tri-0.5B-Base,0,0.0,mean,per-language-centered,en,ko,accuracy,0.31133333333333335,0.31133333333333335,0.2680366829115472,0.7573333333333333,0.44599999999999995,3000,3000,1500,60
trillionlabs/Tri-0.5B-Base,0,0.0,mean,per-language-centered,en,ko,macro_f1,0.2680366829115472,0.31133333333333335,0.2680366829115472,0.7147529060579491,0.44671622314640186,3000,3000,1500,60
trillionlabs/Tri-0.5B-Base,0,0.0,mean,per-language-centered,en,ja,accuracy,0.29933333333333334,0.29933333333333334,0.24617676851551176,0.7573333333333333,0.45799999999999996,3000,3000,1500,60
trillionlabs/Tri-0.5B-Base,0,0.0,mean,per-language-centered,en,ja,macro_f1,0.24617676851551176,0.29933333333333334,0.24617676851551176,0.7147529060579491,0.4685761375424373,3000,3000,1500,60
trillionlabs/Tri-0.5B-Base,0,0.0,mean,per-language-centered,en,zh,accuracy,0.3526666666666667,0.3526666666666667,0.2778587467757364,0.7573333333333333,0.4046666666666666,3000,3000,1500,60
trillionlabs/Tri-0.5B-Base,0,0.0,mean,per-language-centered,en,zh,macro_f1,0.2778587467757364,0.3526666666666667,0.2778587467757364,0.7147529060579491,0.43689415928221265,3000,3000,1500,60
trillionlabs/Tri-0.5B-Base,6,0.25,mean,raw,en,en,accuracy,0.7986666666666666,0.7986666666666666,0.7388779987457708,0.7986666666666666,0.0,3000,3000,1500,60
trillionlabs/Tri-0.5B-Base,6,0.25,mean,raw,en,en,macro_f1,0.7388779987457708,0.7986666666666666,0.7388779987457708,0.7388779987457708,0.0,3000,3000,1500,60
trillionlabs/Tri-0.5B-Base,6,0.25,mean,raw,en,ko,accuracy,0.5513333333333333,0.5513333333333333,0.48435818378519657,0.7986666666666666,0.2473333333333333,3000,3000,1500,60
trillionlabs/Tri-0.5B-Base,6,0.25,mean,raw,en,ko,macro_f1,0.48435818378519657,0.5513333333333333,0.48435818378519657,0.7388779987457708,0.2545198149605742,3000,3000,1500,60
trillionlabs/Tri-0.5B-Base,6,0.25,mean,raw,en,ja,accuracy,0.5426666666666666,0.5426666666666666,0.47786320651838915,0.7986666666666666,0.256,3000,3000,1500,60
trillionlabs/Tri-0.5B-Base,6,0.25,mean,raw,en,ja,macro_f1,0.47786320651838915,0.5426666666666666,0.47786320651838915,0.7388779987457708,0.2610147922273816,3000,3000,1500,60
trillionlabs/Tri-0.5B-Base,6,0.25,mean,raw,en,zh,accuracy,0.56,0.56,0.48754547749997157,0.7986666666666666,0.23866666666666658,3000,3000,1500,60
trillionlabs/Tri-0.5B-Base,6,0.25,mean,raw,en,zh,macro_f1,0.48754547749997157,0.56,0.48754547749997157,0.7388779987457708,0.2513325212457992,3000,3000,1500,60
trillionlabs/Tri-0.5B-Base,6,0.25,mean,global-centered,en,en,accuracy,0.7986666666666666,0.7986666666666666,0.7388779987457708,0.7986666666666666,0.0,3000,3000,1500,60
trillionlabs/Tri-0.5B-Base,6,0.25,mean,global-centered,en,en,macro_f1,0.7388779987457708,0.7986666666666666,0.7388779987457708,0.7388779987457708,0.0,3000,3000,1500,60
trillionlabs/Tri-0.5B-Base,6,0.25,mean,global-centered,en,ko,accuracy,0.5513333333333333,0.5513333333333333,0.48435818378519657,0.7986666666666666,0.2473333333333333,3000,3000,1500,60
trillionlabs/Tri-0.5B-Base,6,0.25,mean,global-centered,en,ko,macro_f1,0.48435818378519657,0.5513333333333333,0.48435818378519657,0.7388779987457708,0.2545198149605742,3000,3000,1500,60
trillionlabs/Tri-0.5B-Base,6,0.25,mean,global-centered,en,ja,accuracy,0.5426666666666666,0.5426666666666666,0.47786320651838915,0.7986666666666666,0.256,3000,3000,1500,60
trillionlabs/Tri-0.5B-Base,6,0.25,mean,global-centered,en,ja,macro_f1,0.47786320651838915,0.5426666666666666,0.47786320651838915,0.7388779987457708,0.2610147922273816,3000,3000,1500,60
trillionlabs/Tri-0.5B-Base,6,0.25,mean,global-centered,en,zh,accuracy,0.56,0.56,0.48754547749997157,0.7986666666666666,0.23866666666666658,3000,3000,1500,60
trillionlabs/Tri-0.5B-Base,6,0.25,mean,global-centered,en,zh,macro_f1,0.48754547749997157,0.56,0.48754547749997157,0.7388779987457708,0.2513325212457992,3000,3000,1500,60
trillionlabs/Tri-0.5B-Base,6,0.25,mean,per-language-centered,en,en,accuracy,0.7986666666666666,0.7986666666666666,0.7388779987457708,0.7986666666666666,0.0,3000,3000,1500,60
trillionlabs/Tri-0.5B-Base,6,0.25,mean,per-language-centered,en,en,macro_f1,0.7388779987457708,0.7986666666666666,0.7388779987457708,0.7388779987457708,0.0,3000,3000,1500,60
trillionlabs/Tri-0.5B-Base,6,0.25,mean,per-language-centered,en,ko,accuracy,0.5906666666666667,0.5906666666666667,0.5309440662082567,0.7986666666666666,0.20799999999999996,3000,3000,1500,60
trillionlabs/Tri-0.5B-Base,6,0.25,mean,per-language-centered,en,ko,macro_f1,0.5309440662082567,0.5906666666666667,0.5309440662082567,0.7388779987457708,0.20793393253751402,3000,3000,1500,60
trillionlabs/Tri-0.5B-Base,6,0.25,mean,per-language-centered,en,ja,accuracy,0.5846666666666667,0.5846666666666667,0.5236299628701413,0.7986666666666666,0.21399999999999997,3000,3000,1500,60
trillionlabs/Tri-0.5B-Base,6,0.25,mean,per-language-centered,en,ja,macro_f1,0.5236299628701413,0.5846666666666667,0.5236299628701413,0.7388779987457708,0.21524803587562946,3000,3000,1500,60
trillionlabs/Tri-0.5B-Base,6,0.25,mean,per-language-centered,en,zh,accuracy,0.5766666666666667,0.5766666666666667,0.5121642463655918,0.7986666666666666,0.22199999999999998,3000,3000,1500,60
trillionlabs/Tri-0.5B-Base,6,0.25,mean,per-language-centered,en,zh,macro_f1,0.5121642463655918,0.5766666666666667,0.5121642463655918,0.7388779987457708,0.226713752380179,3000,3000,1500,60
trillionlabs/Tri-0.5B-Base,12,0.5,mean,raw,en,en,accuracy,0.8013333333333333,0.8013333333333333,0.7512704973174972,0.8013333333333333,0.0,3000,3000,1500,60
trillionlabs/Tri-0.5B-Base,12,0.5,mean,raw,en,en,macro_f1,0.7512704973174972,0.8013333333333333,0.7512704973174972,0.7512704973174972,0.0,3000,3000,1500,60
trillionlabs/Tri-0.5B-Base,12,0.5,mean,raw,en,ko,accuracy,0.5753333333333334,0.5753333333333334,0.4957723618717989,0.8013333333333333,0.22599999999999998,3000,3000,1500,60
trillionlabs/Tri-0.5B-Base,12,0.5,mean,raw,en,ko,macro_f1,0.4957723618717989,0.5753333333333334,0.4957723618717989,0.7512704973174972,0.25549813544569827,3000,3000,1500,60
trillionlabs/Tri-0.5B-Base,12,0.5,mean,raw,en,ja,accuracy,0.572,0.572,0.5049158186279054,0.8013333333333333,0.2293333333333334,3000,3000,1500,60
trillionlabs/Tri-0.5B-Base,12,0.5,mean,raw,en,ja,macro_f1,0.5049158186279054,0.572,0.5049158186279054,0.7512704973174972,0.24635467868959182,3000,3000,1500,60
trillionlabs/Tri-0.5B-Base,12,0.5,mean,raw,en,zh,accuracy,0.5273333333333333,0.5273333333333333,0.45280743322858463,0.8013333333333333,0.274,3000,3000,1500,60
trillionlabs/Tri-0.5B-Base,12,0.5,mean,raw,en,zh,macro_f1,0.45280743322858463,0.5273333333333333,0.45280743322858463,0.7512704973174972,0.29846306408891254,3000,3000,1500,60
trillionlabs/Tri-0.5B-Base,12,0.5,mean,global-centered,en,en,accuracy,0.8013333333333333,0.8013333333333333,0.7512704973174972,0.8013333333333333,0.0,3000,3000,1500,60
trillionlabs/Tri-0.5B-Base,12,0.5,mean,global-centered,en,en,macro_f1,0.7512704973174972,0.8013333333333333,0.7512704973174972,0.7512704973174972,0.0,3000,3000,1500,60
trillionlabs/Tri-0.5B-Base,12,0.5,mean,global-centered,en,ko,accuracy,0.5753333333333334,0.5753333333333334,0.4957723618717989,0.8013333333333333,0.22599999999999998,3000,3000,1500,60
trillionlabs/Tri-0.5B-Base,12,0.5,mean,global-centered,en,ko,macro_f1,0.4957723618717989,0.5753333333333334,0.4957723618717989,0.7512704973174972,0.25549813544569827,3000,3000,1500,60
trillionlabs/Tri-0.5B-Base,12,0.5,mean,global-centered,en,ja,accuracy,0.572,0.572,0.5049158186279054,0.8013333333333333,0.2293333333333334,3000,3000,1500,60
trillionlabs/Tri-0.5B-Base,12,0.5,mean,global-centered,en,ja,macro_f1,0.5049158186279054,0.572,0.5049158186279054,0.7512704973174972,0.24635467868959182,3000,3000,1500,60
trillionlabs/Tri-0.5B-Base,12,0.5,mean,global-centered,en,zh,accuracy,0.5273333333333333,0.5273333333333333,0.45280743322858463,0.8013333333333333,0.274,3000,3000,1500,60
trillionlabs/Tri-0.5B-Base,12,0.5,mean,global-centered,en,zh,macro_f1,0.45280743322858463,0.5273333333333333,0.45280743322858463,0.7512704973174972,0.29846306408891254,3000,3000,1500,60
trillionlabs/Tri-0.5B-Base,12,0.5,mean,per-language-centered,en,en,accuracy,0.8013333333333333,0.8013333333333333,0.7512704973174972,0.8013333333333333,0.0,3000,3000,1500,60
trillionlabs/Tri-0.5B-Base,12,0.5,mean,per-language-centered,en,en,macro_f1,0.7512704973174972,0.8013333333333333,0.7512704973174972,0.7512704973174972,0.0,3000,3000,1500,60
trillionlabs/Tri-0.5B-Base,12,0.5,mean,per-language-centered,en,ko,accuracy,0.6173333333333333,0.6173333333333333,0.5485084258907063,0.8013333333333333,0.18400000000000005,3000,3000,1500,60
trillionlabs/Tri-0.5B-Base,12,0.5,mean,per-language-centered,en,ko,macro_f1,0.5485084258907063,0.6173333333333333,0.5485084258907063,0.7512704973174972,0.20276207142679092,3000,3000,1500,60
trillionlabs/Tri-0.5B-Base,12,0.5,mean,per-language-centered,en,ja,accuracy,0.6286666666666667,0.6286666666666667,0.5783948716053963,0.8013333333333333,0.17266666666666663,3000,3000,1500,60
trillionlabs/Tri-0.5B-Base,12,0.5,mean,per-language-centered,en,ja,macro_f1,0.5783948716053963,0.6286666666666667,0.5783948716053963,0.7512704973174972,0.1728756257121009,3000,3000,1500,60
trillionlabs/Tri-0.5B-Base,12,0.5,mean,per-language-centered,en,zh,accuracy,0.5686666666666667,0.5686666666666667,0.5176244318864766,0.8013333333333333,0.2326666666666667,3000,3000,1500,60
trillionlabs/Tri-0.5B-Base,12,0.5,mean,per-language-centered,en,zh,macro_f1,0.5176244318864766,0.5686666666666667,0.5176244318864766,0.7512704973174972,0.23364606543102062,3000,3000,1500,60
trillionlabs/Tri-0.5B-Base,24,1.0,mean,raw,en,en,accuracy,0.7726666666666666,0.7726666666666666,0.7233559883134916,0.7726666666666666,0.0,3000,3000,1500,60
trillionlabs/Tri-0.5B-Base,24,1.0,mean,raw,en,en,macro_f1,0.7233559883134916,0.7726666666666666,0.7233559883134916,0.7233559883134916,0.0,3000,3000,1500,60
trillionlabs/Tri-0.5B-Base,24,1.0,mean,raw,en,ko,accuracy,0.2926666666666667,0.2926666666666667,0.24324476578557652,0.7726666666666666,0.4799999999999999,3000,3000,1500,60
trillionlabs/Tri-0.5B-Base,24,1.0,mean,raw,en,ko,macro_f1,0.24324476578557652,0.2926666666666667,0.24324476578557652,0.7233559883134916,0.48011122252791505,3000,3000,1500,60
trillionlabs/Tri-0.5B-Base,24,1.0,mean,raw,en,ja,accuracy,0.302,0.302,0.27145350776841476,0.7726666666666666,0.4706666666666666,3000,3000,1500,60
trillionlabs/Tri-0.5B-Base,24,1.0,mean,raw,en,ja,macro_f1,0.27145350776841476,0.302,0.27145350776841476,0.7233559883134916,0.4519024805450768,3000,3000,1500,60
trillionlabs/Tri-0.5B-Base,24,1.0,mean,raw,en,zh,accuracy,0.2966666666666667,0.2966666666666667,0.2801235197456758,0.7726666666666666,0.4759999999999999,3000,3000,1500,60
trillionlabs/Tri-0.5B-Base,24,1.0,mean,raw,en,zh,macro_f1,0.2801235197456758,0.2966666666666667,0.2801235197456758,0.7233559883134916,0.4432324685678158,3000,3000,1500,60
trillionlabs/Tri-0.5B-Base,24,1.0,mean,global-centered,en,en,accuracy,0.7726666666666666,0.7726666666666666,0.7233559883134916,0.7726666666666666,0.0,3000,3000,1500,60
trillionlabs/Tri-0.5B-Base,24,1.0,mean,global-centered,en,en,macro_f1,0.7233559883134916,0.7726666666666666,0.7233559883134916,0.7233559883134916,0.0,3000,3000,1500,60
trillionlabs/Tri-0.5B-Base,24,1.0,mean,global-centered,en,ko,accuracy,0.2926666666666667,0.2926666666666667,0.24324476578557652,0.7726666666666666,0.4799999999999999,3000,3000,1500,60
trillionlabs/Tri-0.5B-Base,24,1.0,mean,global-centered,en,ko,macro_f1,0.24324476578557652,0.2926666666666667,0.24324476578557652,0.7233559883134916,0.48011122252791505,3000,3000,1500,60
trillionlabs/Tri-0.5B-Base,24,1.0,mean,global-centered,en,ja,accuracy,0.302,0.302,0.27145350776841476,0.7726666666666666,0.4706666666666666,3000,3000,1500,60
trillionlabs/Tri-0.5B-Base,24,1.0,mean,global-centered,en,ja,macro_f1,0.27145350776841476,0.302,0.27145350776841476,0.7233559883134916,0.4519024805450768,3000,3000,1500,60
trillionlabs/Tri-0.5B-Base,24,1.0,mean,global-centered,en,zh,accuracy,0.2966666666666667,0.2966666666666667,0.2801235197456758,0.7726666666666666,0.4759999999999999,3000,3000,1500,60
trillionlabs/Tri-0.5B-Base,24,1.0,mean,global-centered,en,zh,macro_f1,0.2801235197456758,0.2966666666666667,0.2801235197456758,0.7233559883134916,0.4432324685678158,3000,3000,1500,60
trillionlabs/Tri-0.5B-Base,24,1.0,mean,per-language-centered,en,en,accuracy,0.7726666666666666,0.7726666666666666,0.7233559883134916,0.7726666666666666,0.0,3000,3000,1500,60
trillionlabs/Tri-0.5B-Base,24,1.0,mean,per-language-centered,en,en,macro_f1,0.7233559883134916,0.7726666666666666,0.7233559883134916,0.7233559883134916,0.0,3000,3000,1500,60
trillionlabs/Tri-0.5B-Base,24,1.0,mean,per-language-centered,en,ko,accuracy,0.534,0.534,0.4829742398092896,0.7726666666666666,0.23866666666666658,3000,3000,1500,60
trillionlabs/Tri-0.5B-Base,24,1.0,mean,per-language-centered,en,ko,macro_f1,0.4829742398092896,0.534,0.4829742398092896,0.7233559883134916,0.24038174850420196,3000,3000,1500,60
trillionlabs/Tri-0.5B-Base,24,1.0,mean,per-language-centered,en,ja,accuracy,0.494,0.494,0.4719450683989091,0.7726666666666666,0.2786666666666666,3000,3000,1500,60
trillionlabs/Tri-0.5B-Base,24,1.0,mean,per-language-centered,en,ja,macro_f1,0.4719450683989091,0.494,0.4719450683989091,0.7233559883134916,0.2514109199145825,3000,3000,1500,60
trillionlabs/Tri-0.5B-Base,24,1.0,mean,per-language-centered,en,zh,accuracy,0.5266666666666666,0.5266666666666666,0.4986413296125122,0.7726666666666666,0.246,3000,3000,1500,60
trillionlabs/Tri-0.5B-Base,24,1.0,mean,per-language-centered,en,zh,macro_f1,0.4986413296125122,0.5266666666666666,0.4986413296125122,0.7233559883134916,0.2247146587009794,3000,3000,1500,60
